Event Index,UTC Timestamp,UTC Date and Time,Local Timestamp,Local Timezone,Local Date and Time,Experiment ID,Experiment Version,Tree Node Key,Repeat Key,Schedule ID,Participant Public ID,Participant Private ID,Participant Starting Group,Participant Status,Participant Completion Code,Participant External Session ID,Participant Device Type,Participant Device,Participant OS,Participant Browser,Participant Monitor Size,Participant Viewport Size,Checkpoint,Room ID,Room Order,Task Name,Task Version,order-iuov,randomiser-bl99,Randomise questionnaire elements?,Question Key,Response
1,1700587816909,21/11/2023 17:30:16,1700587816161,-8,21/11/2023 09:30:16,132936,24,questionnaire-ewzl,,33107470,BLIND,9804092,,complete,tcqzve,,computer,Desktop or Laptop,Windows 10,Chrome 119.0.0.0,1920x1080,1920x919,,,,Overall Bot Questionnaire: Alex(2) then Pat(1),3,AB,2,No,BEGIN QUESTIONNAIRE,
2,1700588059132,21/11/2023 17:34:19,1700588057839,-8,21/11/2023 09:34:17,132936,24,questionnaire-ewzl,,33107470,BLIND,9804092,,complete,tcqzve,,computer,Desktop or Laptop,Windows 10,Chrome 119.0.0.0,1920x1080,1903x919,,,,Overall Bot Questionnaire: Alex(2) then Pat(1),3,AB,2,No,similar-alex,Neutral
3,1700588059382,21/11/2023 17:34:19,1700588057840,-8,21/11/2023 09:34:17,132936,24,questionnaire-ewzl,,33107470,BLIND,9804092,,complete,tcqzve,,computer,Desktop or Laptop,Windows 10,Chrome 119.0.0.0,1920x1080,1903x919,,,,Overall Bot Questionnaire: Alex(2) then Pat(1),3,AB,2,No,similar-alex-quantised,3
4,1700588059382,21/11/2023 17:34:19,1700588057840,-8,21/11/2023 09:34:17,132936,24,questionnaire-ewzl,,33107470,BLIND,9804092,,complete,tcqzve,,computer,Desktop or Laptop,Windows 10,Chrome 119.0.0.0,1920x1080,1903x919,,,,Overall Bot Questionnaire: Alex(2) then Pat(1),3,AB,2,No,similar-pat,Neutral
5,1700588059382,21/11/2023 17:34:19,1700588057840,-8,21/11/2023 09:34:17,132936,24,questionnaire-ewzl,,33107470,BLIND,9804092,,complete,tcqzve,,computer,Desktop or Laptop,Windows 10,Chrome 119.0.0.0,1920x1080,1903x919,,,,Overall Bot Questionnaire: Alex(2) then Pat(1),3,AB,2,No,similar-pat-quantised,3
6,1700588059382,21/11/2023 17:34:19,1700588057841,-8,21/11/2023 09:34:17,132936,24,questionnaire-ewzl,,33107470,BLIND,9804092,,complete,tcqzve,,computer,Desktop or Laptop,Windows 10,Chrome 119.0.0.0,1920x1080,1903x919,,,,Overall Bot Questionnaire: Alex(2) then Pat(1),3,AB,2,No,enjoy-alex,Neutral
7,1700588059382,21/11/2023 17:34:19,1700588057841,-8,21/11/2023 09:34:17,132936,24,questionnaire-ewzl,,33107470,BLIND,9804092,,complete,tcqzve,,computer,Desktop or Laptop,Windows 10,Chrome 119.0.0.0,1920x1080,1903x919,,,,Overall Bot Questionnaire: Alex(2) then Pat(1),3,AB,2,No,enjoy-alex-quantised,3
8,1700588059382,21/11/2023 17:34:19,1700588057841,-8,21/11/2023 09:34:17,132936,24,questionnaire-ewzl,,33107470,BLIND,9804092,,complete,tcqzve,,computer,Desktop or Laptop,Windows 10,Chrome 119.0.0.0,1920x1080,1903x919,,,,Overall Bot Questionnaire: Alex(2) then Pat(1),3,AB,2,No,enjoy-pat,Agree
9,1700588059382,21/11/2023 17:34:19,1700588057841,-8,21/11/2023 09:34:17,132936,24,questionnaire-ewzl,,33107470,BLIND,9804092,,complete,tcqzve,,computer,Desktop or Laptop,Windows 10,Chrome 119.0.0.0,1920x1080,1903x919,,,,Overall Bot Questionnaire: Alex(2) then Pat(1),3,AB,2,No,enjoy-pat-quantised,4
10,1700588059382,21/11/2023 17:34:19,1700588057841,-8,21/11/2023 09:34:17,132936,24,questionnaire-ewzl,,33107470,BLIND,9804092,,complete,tcqzve,,computer,Desktop or Laptop,Windows 10,Chrome 119.0.0.0,1920x1080,1903x919,,,,Overall Bot Questionnaire: Alex(2) then Pat(1),3,AB,2,No,distant-alex,Disagree
11,1700588059382,21/11/2023 17:34:19,1700588057841,-8,21/11/2023 09:34:17,132936,24,questionnaire-ewzl,,33107470,BLIND,9804092,,complete,tcqzve,,computer,Desktop or Laptop,Windows 10,Chrome 119.0.0.0,1920x1080,1903x919,,,,Overall Bot Questionnaire: Alex(2) then Pat(1),3,AB,2,No,distant-alex-quantised,2
12,1700588059382,21/11/2023 17:34:19,1700588057841,-8,21/11/2023 09:34:17,132936,24,questionnaire-ewzl,,33107470,BLIND,9804092,,complete,tcqzve,,computer,Desktop or Laptop,Windows 10,Chrome 119.0.0.0,1920x1080,1903x919,,,,Overall Bot Questionnaire: Alex(2) then Pat(1),3,AB,2,No,distant-pat,Disagree
13,1700588059382,21/11/2023 17:34:19,1700588057842,-8,21/11/2023 09:34:17,132936,24,questionnaire-ewzl,,33107470,BLIND,9804092,,complete,tcqzve,,computer,Desktop or Laptop,Windows 10,Chrome 119.0.0.0,1920x1080,1903x919,,,,Overall Bot Questionnaire: Alex(2) then Pat(1),3,AB,2,No,distant-pat-quantised,2
14,1700588059382,21/11/2023 17:34:19,1700588057842,-8,21/11/2023 09:34:17,132936,24,questionnaire-ewzl,,33107470,BLIND,9804092,,complete,tcqzve,,computer,Desktop or Laptop,Windows 10,Chrome 119.0.0.0,1920x1080,1903x919,,,,Overall Bot Questionnaire: Alex(2) then Pat(1),3,AB,2,No,understood-alex,Neutral
15,1700588059382,21/11/2023 17:34:19,1700588057842,-8,21/11/2023 09:34:17,132936,24,questionnaire-ewzl,,33107470,BLIND,9804092,,complete,tcqzve,,computer,Desktop or Laptop,Windows 10,Chrome 119.0.0.0,1920x1080,1903x919,,,,Overall Bot Questionnaire: Alex(2) then Pat(1),3,AB,2,No,understood-alex-quantised,3
16,1700588059382,21/11/2023 17:34:19,1700588057842,-8,21/11/2023 09:34:17,132936,24,questionnaire-ewzl,,33107470,BLIND,9804092,,complete,tcqzve,,computer,Desktop or Laptop,Windows 10,Chrome 119.0.0.0,1920x1080,1903x919,,,,Overall Bot Questionnaire: Alex(2) then Pat(1),3,AB,2,No,understood-pat,Agree
17,1700588059382,21/11/2023 17:34:19,1700588057842,-8,21/11/2023 09:34:17,132936,24,questionnaire-ewzl,,33107470,BLIND,9804092,,complete,tcqzve,,computer,Desktop or Laptop,Windows 10,Chrome 119.0.0.0,1920x1080,1903x919,,,,Overall Bot Questionnaire: Alex(2) then Pat(1),3,AB,2,No,understood-pat-quantised,4
18,1700588059382,21/11/2023 17:34:19,1700588057842,-8,21/11/2023 09:34:17,132936,24,questionnaire-ewzl,,33107470,BLIND,9804092,,complete,tcqzve,,computer,Desktop or Laptop,Windows 10,Chrome 119.0.0.0,1920x1080,1903x919,,,,Overall Bot Questionnaire: Alex(2) then Pat(1),3,AB,2,No,different-alex,Disagree
19,1700588059382,21/11/2023 17:34:19,1700588057842,-8,21/11/2023 09:34:17,132936,24,questionnaire-ewzl,,33107470,BLIND,9804092,,complete,tcqzve,,computer,Desktop or Laptop,Windows 10,Chrome 119.0.0.0,1920x1080,1903x919,,,,Overall Bot Questionnaire: Alex(2) then Pat(1),3,AB,2,No,different-alex-quantised,2
20,1700588059382,21/11/2023 17:34:19,1700588057842,-8,21/11/2023 09:34:17,132936,24,questionnaire-ewzl,,33107470,BLIND,9804092,,complete,tcqzve,,computer,Desktop or Laptop,Windows 10,Chrome 119.0.0.0,1920x1080,1903x919,,,,Overall Bot Questionnaire: Alex(2) then Pat(1),3,AB,2,No,different-pat,Disagree
21,1700588059382,21/11/2023 17:34:19,1700588057842,-8,21/11/2023 09:34:17,132936,24,questionnaire-ewzl,,33107470,BLIND,9804092,,complete,tcqzve,,computer,Desktop or Laptop,Windows 10,Chrome 119.0.0.0,1920x1080,1903x919,,,,Overall Bot Questionnaire: Alex(2) then Pat(1),3,AB,2,No,different-pat-quantised,2
22,1700588059382,21/11/2023 17:34:19,1700588057843,-8,21/11/2023 09:34:17,132936,24,questionnaire-ewzl,,33107470,BLIND,9804092,,complete,tcqzve,,computer,Desktop or Laptop,Windows 10,Chrome 119.0.0.0,1920x1080,1903x919,,,,Overall Bot Questionnaire: Alex(2) then Pat(1),3,AB,2,No,chat-again-alex,Agree
23,1700588059607,21/11/2023 17:34:19,1700588057843,-8,21/11/2023 09:34:17,132936,24,questionnaire-ewzl,,33107470,BLIND,9804092,,complete,tcqzve,,computer,Desktop or Laptop,Windows 10,Chrome 119.0.0.0,1920x1080,1903x919,,,,Overall Bot Questionnaire: Alex(2) then Pat(1),3,AB,2,No,chat-again-alex-quantised,4
24,1700588059607,21/11/2023 17:34:19,1700588057843,-8,21/11/2023 09:34:17,132936,24,questionnaire-ewzl,,33107470,BLIND,9804092,,complete,tcqzve,,computer,Desktop or Laptop,Windows 10,Chrome 119.0.0.0,1920x1080,1903x919,,,,Overall Bot Questionnaire: Alex(2) then Pat(1),3,AB,2,No,chat-again-pat,Disagree
25,1700588059607,21/11/2023 17:34:19,1700588057843,-8,21/11/2023 09:34:17,132936,24,questionnaire-ewzl,,33107470,BLIND,9804092,,complete,tcqzve,,computer,Desktop or Laptop,Windows 10,Chrome 119.0.0.0,1920x1080,1903x919,,,,Overall Bot Questionnaire: Alex(2) then Pat(1),3,AB,2,No,chat-again-pat-quantised,2
26,1700588059607,21/11/2023 17:34:19,1700588057843,-8,21/11/2023 09:34:17,132936,24,questionnaire-ewzl,,33107470,BLIND,9804092,,complete,tcqzve,,computer,Desktop or Laptop,Windows 10,Chrome 119.0.0.0,1920x1080,1903x919,,,,Overall Bot Questionnaire: Alex(2) then Pat(1),3,AB,2,No,response-1-1,Alex
27,1700588059607,21/11/2023 17:34:19,1700588057843,-8,21/11/2023 09:34:17,132936,24,questionnaire-ewzl,,33107470,BLIND,9804092,,complete,tcqzve,,computer,Desktop or Laptop,Windows 10,Chrome 119.0.0.0,1920x1080,1903x919,,,,Overall Bot Questionnaire: Alex(2) then Pat(1),3,AB,2,No,response-1-2,Pat
28,1700588059607,21/11/2023 17:34:19,1700588057843,-8,21/11/2023 09:34:17,132936,24,questionnaire-ewzl,,33107470,BLIND,9804092,,complete,tcqzve,,computer,Desktop or Laptop,Windows 10,Chrome 119.0.0.0,1920x1080,1903x919,,,,Overall Bot Questionnaire: Alex(2) then Pat(1),3,AB,2,No,response-2,Alex was more engaging and interesting to talk to. Alex was more positive and showed more interest in me personally. Our chat was more varied and positive.
29,1700588059607,21/11/2023 17:34:19,1700588057843,-8,21/11/2023 09:34:17,132936,24,questionnaire-ewzl,,33107470,BLIND,9804092,,complete,tcqzve,,computer,Desktop or Laptop,Windows 10,Chrome 119.0.0.0,1920x1080,1903x919,,,,Overall Bot Questionnaire: Alex(2) then Pat(1),3,AB,2,No,response-3," I could relate to Pat, but the conversation was a bit boring and stale, since they only focused on one topic, and it was somewhat pessimistic. The conversation felt repetitive and redundant by the end."
30,1700588059607,21/11/2023 17:34:19,1700588057844,-8,21/11/2023 09:34:17,132936,24,questionnaire-ewzl,,33107470,BLIND,9804092,,complete,tcqzve,,computer,Desktop or Laptop,Windows 10,Chrome 119.0.0.0,1920x1080,1903x919,,,,Overall Bot Questionnaire: Alex(2) then Pat(1),3,AB,2,No,END QUESTIONNAIRE,241683
1,1700587928918,21/11/2023 17:32:08,1700587928655,-5,21/11/2023 12:32:08,132936,24,questionnaire-ewzl,,33107528,BLIND,9804125,,complete,upwdhd,,computer,Desktop or Laptop,Windows 10,Chrome 119.0.0.0,1600x900,1382x801,,,,Overall Bot Questionnaire: Alex(2) then Pat(1),3,BA,2,No,BEGIN QUESTIONNAIRE,
2,1700587999897,21/11/2023 17:33:19,1700587999642,-5,21/11/2023 12:33:19,132936,24,questionnaire-ewzl,,33107528,BLIND,9804125,,complete,upwdhd,,computer,Desktop or Laptop,Windows 10,Chrome 119.0.0.0,1600x900,1365x801,,,,Overall Bot Questionnaire: Alex(2) then Pat(1),3,BA,2,No,similar-alex,Disagree
3,1700588000061,21/11/2023 17:33:20,1700587999643,-5,21/11/2023 12:33:19,132936,24,questionnaire-ewzl,,33107528,BLIND,9804125,,complete,upwdhd,,computer,Desktop or Laptop,Windows 10,Chrome 119.0.0.0,1600x900,1365x801,,,,Overall Bot Questionnaire: Alex(2) then Pat(1),3,BA,2,No,similar-alex-quantised,2
4,1700588000061,21/11/2023 17:33:20,1700587999643,-5,21/11/2023 12:33:19,132936,24,questionnaire-ewzl,,33107528,BLIND,9804125,,complete,upwdhd,,computer,Desktop or Laptop,Windows 10,Chrome 119.0.0.0,1600x900,1365x801,,,,Overall Bot Questionnaire: Alex(2) then Pat(1),3,BA,2,No,similar-pat,Disagree
5,1700588000061,21/11/2023 17:33:20,1700587999643,-5,21/11/2023 12:33:19,132936,24,questionnaire-ewzl,,33107528,BLIND,9804125,,complete,upwdhd,,computer,Desktop or Laptop,Windows 10,Chrome 119.0.0.0,1600x900,1365x801,,,,Overall Bot Questionnaire: Alex(2) then Pat(1),3,BA,2,No,similar-pat-quantised,2
6,1700588000061,21/11/2023 17:33:20,1700587999643,-5,21/11/2023 12:33:19,132936,24,questionnaire-ewzl,,33107528,BLIND,9804125,,complete,upwdhd,,computer,Desktop or Laptop,Windows 10,Chrome 119.0.0.0,1600x900,1365x801,,,,Overall Bot Questionnaire: Alex(2) then Pat(1),3,BA,2,No,enjoy-alex,Neutral
7,1700588000061,21/11/2023 17:33:20,1700587999644,-5,21/11/2023 12:33:19,132936,24,questionnaire-ewzl,,33107528,BLIND,9804125,,complete,upwdhd,,computer,Desktop or Laptop,Windows 10,Chrome 119.0.0.0,1600x900,1365x801,,,,Overall Bot Questionnaire: Alex(2) then Pat(1),3,BA,2,No,enjoy-alex-quantised,3
8,1700588000061,21/11/2023 17:33:20,1700587999644,-5,21/11/2023 12:33:19,132936,24,questionnaire-ewzl,,33107528,BLIND,9804125,,complete,upwdhd,,computer,Desktop or Laptop,Windows 10,Chrome 119.0.0.0,1600x900,1365x801,,,,Overall Bot Questionnaire: Alex(2) then Pat(1),3,BA,2,No,enjoy-pat,Neutral
9,1700588000061,21/11/2023 17:33:20,1700587999644,-5,21/11/2023 12:33:19,132936,24,questionnaire-ewzl,,33107528,BLIND,9804125,,complete,upwdhd,,computer,Desktop or Laptop,Windows 10,Chrome 119.0.0.0,1600x900,1365x801,,,,Overall Bot Questionnaire: Alex(2) then Pat(1),3,BA,2,No,enjoy-pat-quantised,3
10,1700588000061,21/11/2023 17:33:20,1700587999644,-5,21/11/2023 12:33:19,132936,24,questionnaire-ewzl,,33107528,BLIND,9804125,,complete,upwdhd,,computer,Desktop or Laptop,Windows 10,Chrome 119.0.0.0,1600x900,1365x801,,,,Overall Bot Questionnaire: Alex(2) then Pat(1),3,BA,2,No,distant-alex,Agree
11,1700588000061,21/11/2023 17:33:20,1700587999644,-5,21/11/2023 12:33:19,132936,24,questionnaire-ewzl,,33107528,BLIND,9804125,,complete,upwdhd,,computer,Desktop or Laptop,Windows 10,Chrome 119.0.0.0,1600x900,1365x801,,,,Overall Bot Questionnaire: Alex(2) then Pat(1),3,BA,2,No,distant-alex-quantised,4
12,1700588000061,21/11/2023 17:33:20,1700587999644,-5,21/11/2023 12:33:19,132936,24,questionnaire-ewzl,,33107528,BLIND,9804125,,complete,upwdhd,,computer,Desktop or Laptop,Windows 10,Chrome 119.0.0.0,1600x900,1365x801,,,,Overall Bot Questionnaire: Alex(2) then Pat(1),3,BA,2,No,distant-pat,Agree
13,1700588000061,21/11/2023 17:33:20,1700587999644,-5,21/11/2023 12:33:19,132936,24,questionnaire-ewzl,,33107528,BLIND,9804125,,complete,upwdhd,,computer,Desktop or Laptop,Windows 10,Chrome 119.0.0.0,1600x900,1365x801,,,,Overall Bot Questionnaire: Alex(2) then Pat(1),3,BA,2,No,distant-pat-quantised,4
14,1700588000061,21/11/2023 17:33:20,1700587999644,-5,21/11/2023 12:33:19,132936,24,questionnaire-ewzl,,33107528,BLIND,9804125,,complete,upwdhd,,computer,Desktop or Laptop,Windows 10,Chrome 119.0.0.0,1600x900,1365x801,,,,Overall Bot Questionnaire: Alex(2) then Pat(1),3,BA,2,No,understood-alex,Disagree
15,1700588000061,21/11/2023 17:33:20,1700587999644,-5,21/11/2023 12:33:19,132936,24,questionnaire-ewzl,,33107528,BLIND,9804125,,complete,upwdhd,,computer,Desktop or Laptop,Windows 10,Chrome 119.0.0.0,1600x900,1365x801,,,,Overall Bot Questionnaire: Alex(2) then Pat(1),3,BA,2,No,understood-alex-quantised,2
16,1700588000061,21/11/2023 17:33:20,1700587999644,-5,21/11/2023 12:33:19,132936,24,questionnaire-ewzl,,33107528,BLIND,9804125,,complete,upwdhd,,computer,Desktop or Laptop,Windows 10,Chrome 119.0.0.0,1600x900,1365x801,,,,Overall Bot Questionnaire: Alex(2) then Pat(1),3,BA,2,No,understood-pat,Disagree
17,1700588000061,21/11/2023 17:33:20,1700587999644,-5,21/11/2023 12:33:19,132936,24,questionnaire-ewzl,,33107528,BLIND,9804125,,complete,upwdhd,,computer,Desktop or Laptop,Windows 10,Chrome 119.0.0.0,1600x900,1365x801,,,,Overall Bot Questionnaire: Alex(2) then Pat(1),3,BA,2,No,understood-pat-quantised,2
18,1700588000061,21/11/2023 17:33:20,1700587999645,-5,21/11/2023 12:33:19,132936,24,questionnaire-ewzl,,33107528,BLIND,9804125,,complete,upwdhd,,computer,Desktop or Laptop,Windows 10,Chrome 119.0.0.0,1600x900,1365x801,,,,Overall Bot Questionnaire: Alex(2) then Pat(1),3,BA,2,No,different-alex,Agree
19,1700588000061,21/11/2023 17:33:20,1700587999645,-5,21/11/2023 12:33:19,132936,24,questionnaire-ewzl,,33107528,BLIND,9804125,,complete,upwdhd,,computer,Desktop or Laptop,Windows 10,Chrome 119.0.0.0,1600x900,1365x801,,,,Overall Bot Questionnaire: Alex(2) then Pat(1),3,BA,2,No,different-alex-quantised,4
20,1700588000061,21/11/2023 17:33:20,1700587999645,-5,21/11/2023 12:33:19,132936,24,questionnaire-ewzl,,33107528,BLIND,9804125,,complete,upwdhd,,computer,Desktop or Laptop,Windows 10,Chrome 119.0.0.0,1600x900,1365x801,,,,Overall Bot Questionnaire: Alex(2) then Pat(1),3,BA,2,No,different-pat,Agree
21,1700588000061,21/11/2023 17:33:20,1700587999645,-5,21/11/2023 12:33:19,132936,24,questionnaire-ewzl,,33107528,BLIND,9804125,,complete,upwdhd,,computer,Desktop or Laptop,Windows 10,Chrome 119.0.0.0,1600x900,1365x801,,,,Overall Bot Questionnaire: Alex(2) then Pat(1),3,BA,2,No,different-pat-quantised,4
22,1700588000061,21/11/2023 17:33:20,1700587999645,-5,21/11/2023 12:33:19,132936,24,questionnaire-ewzl,,33107528,BLIND,9804125,,complete,upwdhd,,computer,Desktop or Laptop,Windows 10,Chrome 119.0.0.0,1600x900,1365x801,,,,Overall Bot Questionnaire: Alex(2) then Pat(1),3,BA,2,No,chat-again-alex,Neutral
23,1700588000225,21/11/2023 17:33:20,1700587999645,-5,21/11/2023 12:33:19,132936,24,questionnaire-ewzl,,33107528,BLIND,9804125,,complete,upwdhd,,computer,Desktop or Laptop,Windows 10,Chrome 119.0.0.0,1600x900,1365x801,,,,Overall Bot Questionnaire: Alex(2) then Pat(1),3,BA,2,No,chat-again-alex-quantised,3
24,1700588000225,21/11/2023 17:33:20,1700587999645,-5,21/11/2023 12:33:19,132936,24,questionnaire-ewzl,,33107528,BLIND,9804125,,complete,upwdhd,,computer,Desktop or Laptop,Windows 10,Chrome 119.0.0.0,1600x900,1365x801,,,,Overall Bot Questionnaire: Alex(2) then Pat(1),3,BA,2,No,chat-again-pat,Disagree
25,1700588000225,21/11/2023 17:33:20,1700587999645,-5,21/11/2023 12:33:19,132936,24,questionnaire-ewzl,,33107528,BLIND,9804125,,complete,upwdhd,,computer,Desktop or Laptop,Windows 10,Chrome 119.0.0.0,1600x900,1365x801,,,,Overall Bot Questionnaire: Alex(2) then Pat(1),3,BA,2,No,chat-again-pat-quantised,2
26,1700588000225,21/11/2023 17:33:20,1700587999645,-5,21/11/2023 12:33:19,132936,24,questionnaire-ewzl,,33107528,BLIND,9804125,,complete,upwdhd,,computer,Desktop or Laptop,Windows 10,Chrome 119.0.0.0,1600x900,1365x801,,,,Overall Bot Questionnaire: Alex(2) then Pat(1),3,BA,2,No,response-1-1,Alex
27,1700588000225,21/11/2023 17:33:20,1700587999646,-5,21/11/2023 12:33:19,132936,24,questionnaire-ewzl,,33107528,BLIND,9804125,,complete,upwdhd,,computer,Desktop or Laptop,Windows 10,Chrome 119.0.0.0,1600x900,1365x801,,,,Overall Bot Questionnaire: Alex(2) then Pat(1),3,BA,2,No,response-1-2,Pat
28,1700588000225,21/11/2023 17:33:20,1700587999646,-5,21/11/2023 12:33:19,132936,24,questionnaire-ewzl,,33107528,BLIND,9804125,,complete,upwdhd,,computer,Desktop or Laptop,Windows 10,Chrome 119.0.0.0,1600x900,1365x801,,,,Overall Bot Questionnaire: Alex(2) then Pat(1),3,BA,2,No,response-2,"Alex was upbeat at least, Pat was debbie downer but I might have guided it there."
29,1700588000225,21/11/2023 17:33:20,1700587999646,-5,21/11/2023 12:33:19,132936,24,questionnaire-ewzl,,33107528,BLIND,9804125,,complete,upwdhd,,computer,Desktop or Laptop,Windows 10,Chrome 119.0.0.0,1600x900,1365x801,,,,Overall Bot Questionnaire: Alex(2) then Pat(1),3,BA,2,No,response-3,"Too depressed and ANXIOUS, but neither really was spectacular. "
30,1700588000225,21/11/2023 17:33:20,1700587999646,-5,21/11/2023 12:33:19,132936,24,questionnaire-ewzl,,33107528,BLIND,9804125,,complete,upwdhd,,computer,Desktop or Laptop,Windows 10,Chrome 119.0.0.0,1600x900,1365x801,,,,Overall Bot Questionnaire: Alex(2) then Pat(1),3,BA,2,No,END QUESTIONNAIRE,70991
1,1700588635028,21/11/2023 17:43:55,1700588634399,-5,21/11/2023 12:43:54,132936,24,questionnaire-ewzl,,33107826,BLIND,9804178,,complete,ervyrr,,computer,Desktop or Laptop,Windows 10,Chrome 120.0.0.0,1920x1080,1920x973,,,,Overall Bot Questionnaire: Alex(2) then Pat(1),3,BA,2,No,BEGIN QUESTIONNAIRE,
2,1700588675949,21/11/2023 17:44:35,1700588675358,-5,21/11/2023 12:44:35,132936,24,questionnaire-ewzl,,33107826,BLIND,9804178,,complete,ervyrr,,computer,Desktop or Laptop,Windows 10,Chrome 120.0.0.0,1920x1080,1903x973,,,,Overall Bot Questionnaire: Alex(2) then Pat(1),3,BA,2,No,similar-alex,Agree
3,1700588676110,21/11/2023 17:44:36,1700588675359,-5,21/11/2023 12:44:35,132936,24,questionnaire-ewzl,,33107826,BLIND,9804178,,complete,ervyrr,,computer,Desktop or Laptop,Windows 10,Chrome 120.0.0.0,1920x1080,1903x973,,,,Overall Bot Questionnaire: Alex(2) then Pat(1),3,BA,2,No,similar-alex-quantised,4
4,1700588676110,21/11/2023 17:44:36,1700588675359,-5,21/11/2023 12:44:35,132936,24,questionnaire-ewzl,,33107826,BLIND,9804178,,complete,ervyrr,,computer,Desktop or Laptop,Windows 10,Chrome 120.0.0.0,1920x1080,1903x973,,,,Overall Bot Questionnaire: Alex(2) then Pat(1),3,BA,2,No,similar-pat,Neutral
5,1700588676110,21/11/2023 17:44:36,1700588675359,-5,21/11/2023 12:44:35,132936,24,questionnaire-ewzl,,33107826,BLIND,9804178,,complete,ervyrr,,computer,Desktop or Laptop,Windows 10,Chrome 120.0.0.0,1920x1080,1903x973,,,,Overall Bot Questionnaire: Alex(2) then Pat(1),3,BA,2,No,similar-pat-quantised,3
6,1700588676110,21/11/2023 17:44:36,1700588675359,-5,21/11/2023 12:44:35,132936,24,questionnaire-ewzl,,33107826,BLIND,9804178,,complete,ervyrr,,computer,Desktop or Laptop,Windows 10,Chrome 120.0.0.0,1920x1080,1903x973,,,,Overall Bot Questionnaire: Alex(2) then Pat(1),3,BA,2,No,enjoy-alex,Neutral
7,1700588676110,21/11/2023 17:44:36,1700588675359,-5,21/11/2023 12:44:35,132936,24,questionnaire-ewzl,,33107826,BLIND,9804178,,complete,ervyrr,,computer,Desktop or Laptop,Windows 10,Chrome 120.0.0.0,1920x1080,1903x973,,,,Overall Bot Questionnaire: Alex(2) then Pat(1),3,BA,2,No,enjoy-alex-quantised,3
8,1700588676110,21/11/2023 17:44:36,1700588675360,-5,21/11/2023 12:44:35,132936,24,questionnaire-ewzl,,33107826,BLIND,9804178,,complete,ervyrr,,computer,Desktop or Laptop,Windows 10,Chrome 120.0.0.0,1920x1080,1903x973,,,,Overall Bot Questionnaire: Alex(2) then Pat(1),3,BA,2,No,enjoy-pat,Disagree
9,1700588676110,21/11/2023 17:44:36,1700588675360,-5,21/11/2023 12:44:35,132936,24,questionnaire-ewzl,,33107826,BLIND,9804178,,complete,ervyrr,,computer,Desktop or Laptop,Windows 10,Chrome 120.0.0.0,1920x1080,1903x973,,,,Overall Bot Questionnaire: Alex(2) then Pat(1),3,BA,2,No,enjoy-pat-quantised,2
10,1700588676110,21/11/2023 17:44:36,1700588675360,-5,21/11/2023 12:44:35,132936,24,questionnaire-ewzl,,33107826,BLIND,9804178,,complete,ervyrr,,computer,Desktop or Laptop,Windows 10,Chrome 120.0.0.0,1920x1080,1903x973,,,,Overall Bot Questionnaire: Alex(2) then Pat(1),3,BA,2,No,distant-alex,Neutral
11,1700588676110,21/11/2023 17:44:36,1700588675360,-5,21/11/2023 12:44:35,132936,24,questionnaire-ewzl,,33107826,BLIND,9804178,,complete,ervyrr,,computer,Desktop or Laptop,Windows 10,Chrome 120.0.0.0,1920x1080,1903x973,,,,Overall Bot Questionnaire: Alex(2) then Pat(1),3,BA,2,No,distant-alex-quantised,3
12,1700588676110,21/11/2023 17:44:36,1700588675360,-5,21/11/2023 12:44:35,132936,24,questionnaire-ewzl,,33107826,BLIND,9804178,,complete,ervyrr,,computer,Desktop or Laptop,Windows 10,Chrome 120.0.0.0,1920x1080,1903x973,,,,Overall Bot Questionnaire: Alex(2) then Pat(1),3,BA,2,No,distant-pat,Agree
13,1700588676110,21/11/2023 17:44:36,1700588675360,-5,21/11/2023 12:44:35,132936,24,questionnaire-ewzl,,33107826,BLIND,9804178,,complete,ervyrr,,computer,Desktop or Laptop,Windows 10,Chrome 120.0.0.0,1920x1080,1903x973,,,,Overall Bot Questionnaire: Alex(2) then Pat(1),3,BA,2,No,distant-pat-quantised,4
14,1700588676110,21/11/2023 17:44:36,1700588675360,-5,21/11/2023 12:44:35,132936,24,questionnaire-ewzl,,33107826,BLIND,9804178,,complete,ervyrr,,computer,Desktop or Laptop,Windows 10,Chrome 120.0.0.0,1920x1080,1903x973,,,,Overall Bot Questionnaire: Alex(2) then Pat(1),3,BA,2,No,understood-alex,Neutral
15,1700588676110,21/11/2023 17:44:36,1700588675360,-5,21/11/2023 12:44:35,132936,24,questionnaire-ewzl,,33107826,BLIND,9804178,,complete,ervyrr,,computer,Desktop or Laptop,Windows 10,Chrome 120.0.0.0,1920x1080,1903x973,,,,Overall Bot Questionnaire: Alex(2) then Pat(1),3,BA,2,No,understood-alex-quantised,3
16,1700588676110,21/11/2023 17:44:36,1700588675360,-5,21/11/2023 12:44:35,132936,24,questionnaire-ewzl,,33107826,BLIND,9804178,,complete,ervyrr,,computer,Desktop or Laptop,Windows 10,Chrome 120.0.0.0,1920x1080,1903x973,,,,Overall Bot Questionnaire: Alex(2) then Pat(1),3,BA,2,No,understood-pat,Neutral
17,1700588676110,21/11/2023 17:44:36,1700588675360,-5,21/11/2023 12:44:35,132936,24,questionnaire-ewzl,,33107826,BLIND,9804178,,complete,ervyrr,,computer,Desktop or Laptop,Windows 10,Chrome 120.0.0.0,1920x1080,1903x973,,,,Overall Bot Questionnaire: Alex(2) then Pat(1),3,BA,2,No,understood-pat-quantised,3
18,1700588676110,21/11/2023 17:44:36,1700588675360,-5,21/11/2023 12:44:35,132936,24,questionnaire-ewzl,,33107826,BLIND,9804178,,complete,ervyrr,,computer,Desktop or Laptop,Windows 10,Chrome 120.0.0.0,1920x1080,1903x973,,,,Overall Bot Questionnaire: Alex(2) then Pat(1),3,BA,2,No,different-alex,Agree
19,1700588676110,21/11/2023 17:44:36,1700588675360,-5,21/11/2023 12:44:35,132936,24,questionnaire-ewzl,,33107826,BLIND,9804178,,complete,ervyrr,,computer,Desktop or Laptop,Windows 10,Chrome 120.0.0.0,1920x1080,1903x973,,,,Overall Bot Questionnaire: Alex(2) then Pat(1),3,BA,2,No,different-alex-quantised,4
20,1700588676110,21/11/2023 17:44:36,1700588675361,-5,21/11/2023 12:44:35,132936,24,questionnaire-ewzl,,33107826,BLIND,9804178,,complete,ervyrr,,computer,Desktop or Laptop,Windows 10,Chrome 120.0.0.0,1920x1080,1903x973,,,,Overall Bot Questionnaire: Alex(2) then Pat(1),3,BA,2,No,different-pat,Agree
21,1700588676110,21/11/2023 17:44:36,1700588675361,-5,21/11/2023 12:44:35,132936,24,questionnaire-ewzl,,33107826,BLIND,9804178,,complete,ervyrr,,computer,Desktop or Laptop,Windows 10,Chrome 120.0.0.0,1920x1080,1903x973,,,,Overall Bot Questionnaire: Alex(2) then Pat(1),3,BA,2,No,different-pat-quantised,4
22,1700588676110,21/11/2023 17:44:36,1700588675361,-5,21/11/2023 12:44:35,132936,24,questionnaire-ewzl,,33107826,BLIND,9804178,,complete,ervyrr,,computer,Desktop or Laptop,Windows 10,Chrome 120.0.0.0,1920x1080,1903x973,,,,Overall Bot Questionnaire: Alex(2) then Pat(1),3,BA,2,No,chat-again-alex,Agree
23,1700588676252,21/11/2023 17:44:36,1700588675361,-5,21/11/2023 12:44:35,132936,24,questionnaire-ewzl,,33107826,BLIND,9804178,,complete,ervyrr,,computer,Desktop or Laptop,Windows 10,Chrome 120.0.0.0,1920x1080,1903x973,,,,Overall Bot Questionnaire: Alex(2) then Pat(1),3,BA,2,No,chat-again-alex-quantised,4
24,1700588676252,21/11/2023 17:44:36,1700588675361,-5,21/11/2023 12:44:35,132936,24,questionnaire-ewzl,,33107826,BLIND,9804178,,complete,ervyrr,,computer,Desktop or Laptop,Windows 10,Chrome 120.0.0.0,1920x1080,1903x973,,,,Overall Bot Questionnaire: Alex(2) then Pat(1),3,BA,2,No,chat-again-pat,Strongly Agree
25,1700588676252,21/11/2023 17:44:36,1700588675361,-5,21/11/2023 12:44:35,132936,24,questionnaire-ewzl,,33107826,BLIND,9804178,,complete,ervyrr,,computer,Desktop or Laptop,Windows 10,Chrome 120.0.0.0,1920x1080,1903x973,,,,Overall Bot Questionnaire: Alex(2) then Pat(1),3,BA,2,No,chat-again-pat-quantised,5
26,1700588676252,21/11/2023 17:44:36,1700588675361,-5,21/11/2023 12:44:35,132936,24,questionnaire-ewzl,,33107826,BLIND,9804178,,complete,ervyrr,,computer,Desktop or Laptop,Windows 10,Chrome 120.0.0.0,1920x1080,1903x973,,,,Overall Bot Questionnaire: Alex(2) then Pat(1),3,BA,2,No,response-1-1,Alex
27,1700588676252,21/11/2023 17:44:36,1700588675361,-5,21/11/2023 12:44:35,132936,24,questionnaire-ewzl,,33107826,BLIND,9804178,,complete,ervyrr,,computer,Desktop or Laptop,Windows 10,Chrome 120.0.0.0,1920x1080,1903x973,,,,Overall Bot Questionnaire: Alex(2) then Pat(1),3,BA,2,No,response-1-2,Pat
28,1700588676252,21/11/2023 17:44:36,1700588675361,-5,21/11/2023 12:44:35,132936,24,questionnaire-ewzl,,33107826,BLIND,9804178,,complete,ervyrr,,computer,Desktop or Laptop,Windows 10,Chrome 120.0.0.0,1920x1080,1903x973,,,,Overall Bot Questionnaire: Alex(2) then Pat(1),3,BA,2,No,response-2,he seemed to like to travel
29,1700588676252,21/11/2023 17:44:36,1700588675361,-5,21/11/2023 12:44:35,132936,24,questionnaire-ewzl,,33107826,BLIND,9804178,,complete,ervyrr,,computer,Desktop or Laptop,Windows 10,Chrome 120.0.0.0,1920x1080,1903x973,,,,Overall Bot Questionnaire: Alex(2) then Pat(1),3,BA,2,No,response-3,he was pretty down in the dumps and boring
30,1700588676252,21/11/2023 17:44:36,1700588675362,-5,21/11/2023 12:44:35,132936,24,questionnaire-ewzl,,33107826,BLIND,9804178,,complete,ervyrr,,computer,Desktop or Laptop,Windows 10,Chrome 120.0.0.0,1920x1080,1903x973,,,,Overall Bot Questionnaire: Alex(2) then Pat(1),3,BA,2,No,END QUESTIONNAIRE,40963
1,1700590194196,21/11/2023 18:09:54,1700590193309,-5,21/11/2023 13:09:53,132936,24,questionnaire-ewzl,,33108527,BLIND,9804355,,complete,dweahp,,computer,Desktop or Laptop,Chromium OS 14541.0.0,Chrome 118.0.0.0,1300x730,1300x575,,,,Overall Bot Questionnaire: Alex(2) then Pat(1),3,AB,2,No,BEGIN QUESTIONNAIRE,
2,1700590364134,21/11/2023 18:12:44,1700590362331,-5,21/11/2023 13:12:42,132936,24,questionnaire-ewzl,,33108527,BLIND,9804355,,complete,dweahp,,computer,Desktop or Laptop,Chromium OS 14541.0.0,Chrome 118.0.0.0,1300x730,1300x575,,,,Overall Bot Questionnaire: Alex(2) then Pat(1),3,AB,2,No,similar-alex,Agree
3,1700590364355,21/11/2023 18:12:44,1700590362333,-5,21/11/2023 13:12:42,132936,24,questionnaire-ewzl,,33108527,BLIND,9804355,,complete,dweahp,,computer,Desktop or Laptop,Chromium OS 14541.0.0,Chrome 118.0.0.0,1300x730,1300x575,,,,Overall Bot Questionnaire: Alex(2) then Pat(1),3,AB,2,No,similar-alex-quantised,4
4,1700590364355,21/11/2023 18:12:44,1700590362333,-5,21/11/2023 13:12:42,132936,24,questionnaire-ewzl,,33108527,BLIND,9804355,,complete,dweahp,,computer,Desktop or Laptop,Chromium OS 14541.0.0,Chrome 118.0.0.0,1300x730,1300x575,,,,Overall Bot Questionnaire: Alex(2) then Pat(1),3,AB,2,No,similar-pat,Disagree
5,1700590364355,21/11/2023 18:12:44,1700590362333,-5,21/11/2023 13:12:42,132936,24,questionnaire-ewzl,,33108527,BLIND,9804355,,complete,dweahp,,computer,Desktop or Laptop,Chromium OS 14541.0.0,Chrome 118.0.0.0,1300x730,1300x575,,,,Overall Bot Questionnaire: Alex(2) then Pat(1),3,AB,2,No,similar-pat-quantised,2
6,1700590364355,21/11/2023 18:12:44,1700590362333,-5,21/11/2023 13:12:42,132936,24,questionnaire-ewzl,,33108527,BLIND,9804355,,complete,dweahp,,computer,Desktop or Laptop,Chromium OS 14541.0.0,Chrome 118.0.0.0,1300x730,1300x575,,,,Overall Bot Questionnaire: Alex(2) then Pat(1),3,AB,2,No,enjoy-alex,Agree
7,1700590364355,21/11/2023 18:12:44,1700590362334,-5,21/11/2023 13:12:42,132936,24,questionnaire-ewzl,,33108527,BLIND,9804355,,complete,dweahp,,computer,Desktop or Laptop,Chromium OS 14541.0.0,Chrome 118.0.0.0,1300x730,1300x575,,,,Overall Bot Questionnaire: Alex(2) then Pat(1),3,AB,2,No,enjoy-alex-quantised,4
8,1700590364355,21/11/2023 18:12:44,1700590362334,-5,21/11/2023 13:12:42,132936,24,questionnaire-ewzl,,33108527,BLIND,9804355,,complete,dweahp,,computer,Desktop or Laptop,Chromium OS 14541.0.0,Chrome 118.0.0.0,1300x730,1300x575,,,,Overall Bot Questionnaire: Alex(2) then Pat(1),3,AB,2,No,enjoy-pat,Disagree
9,1700590364355,21/11/2023 18:12:44,1700590362335,-5,21/11/2023 13:12:42,132936,24,questionnaire-ewzl,,33108527,BLIND,9804355,,complete,dweahp,,computer,Desktop or Laptop,Chromium OS 14541.0.0,Chrome 118.0.0.0,1300x730,1300x575,,,,Overall Bot Questionnaire: Alex(2) then Pat(1),3,AB,2,No,enjoy-pat-quantised,2
10,1700590364355,21/11/2023 18:12:44,1700590362336,-5,21/11/2023 13:12:42,132936,24,questionnaire-ewzl,,33108527,BLIND,9804355,,complete,dweahp,,computer,Desktop or Laptop,Chromium OS 14541.0.0,Chrome 118.0.0.0,1300x730,1300x575,,,,Overall Bot Questionnaire: Alex(2) then Pat(1),3,AB,2,No,distant-alex,Disagree
11,1700590364355,21/11/2023 18:12:44,1700590362336,-5,21/11/2023 13:12:42,132936,24,questionnaire-ewzl,,33108527,BLIND,9804355,,complete,dweahp,,computer,Desktop or Laptop,Chromium OS 14541.0.0,Chrome 118.0.0.0,1300x730,1300x575,,,,Overall Bot Questionnaire: Alex(2) then Pat(1),3,AB,2,No,distant-alex-quantised,2
12,1700590364355,21/11/2023 18:12:44,1700590362336,-5,21/11/2023 13:12:42,132936,24,questionnaire-ewzl,,33108527,BLIND,9804355,,complete,dweahp,,computer,Desktop or Laptop,Chromium OS 14541.0.0,Chrome 118.0.0.0,1300x730,1300x575,,,,Overall Bot Questionnaire: Alex(2) then Pat(1),3,AB,2,No,distant-pat,Strongly Agree
13,1700590364355,21/11/2023 18:12:44,1700590362336,-5,21/11/2023 13:12:42,132936,24,questionnaire-ewzl,,33108527,BLIND,9804355,,complete,dweahp,,computer,Desktop or Laptop,Chromium OS 14541.0.0,Chrome 118.0.0.0,1300x730,1300x575,,,,Overall Bot Questionnaire: Alex(2) then Pat(1),3,AB,2,No,distant-pat-quantised,5
14,1700590364355,21/11/2023 18:12:44,1700590362336,-5,21/11/2023 13:12:42,132936,24,questionnaire-ewzl,,33108527,BLIND,9804355,,complete,dweahp,,computer,Desktop or Laptop,Chromium OS 14541.0.0,Chrome 118.0.0.0,1300x730,1300x575,,,,Overall Bot Questionnaire: Alex(2) then Pat(1),3,AB,2,No,understood-alex,Agree
15,1700590364355,21/11/2023 18:12:44,1700590362337,-5,21/11/2023 13:12:42,132936,24,questionnaire-ewzl,,33108527,BLIND,9804355,,complete,dweahp,,computer,Desktop or Laptop,Chromium OS 14541.0.0,Chrome 118.0.0.0,1300x730,1300x575,,,,Overall Bot Questionnaire: Alex(2) then Pat(1),3,AB,2,No,understood-alex-quantised,4
16,1700590364355,21/11/2023 18:12:44,1700590362337,-5,21/11/2023 13:12:42,132936,24,questionnaire-ewzl,,33108527,BLIND,9804355,,complete,dweahp,,computer,Desktop or Laptop,Chromium OS 14541.0.0,Chrome 118.0.0.0,1300x730,1300x575,,,,Overall Bot Questionnaire: Alex(2) then Pat(1),3,AB,2,No,understood-pat,Disagree
17,1700590364355,21/11/2023 18:12:44,1700590362337,-5,21/11/2023 13:12:42,132936,24,questionnaire-ewzl,,33108527,BLIND,9804355,,complete,dweahp,,computer,Desktop or Laptop,Chromium OS 14541.0.0,Chrome 118.0.0.0,1300x730,1300x575,,,,Overall Bot Questionnaire: Alex(2) then Pat(1),3,AB,2,No,understood-pat-quantised,2
18,1700590364355,21/11/2023 18:12:44,1700590362337,-5,21/11/2023 13:12:42,132936,24,questionnaire-ewzl,,33108527,BLIND,9804355,,complete,dweahp,,computer,Desktop or Laptop,Chromium OS 14541.0.0,Chrome 118.0.0.0,1300x730,1300x575,,,,Overall Bot Questionnaire: Alex(2) then Pat(1),3,AB,2,No,different-alex,Disagree
19,1700590364355,21/11/2023 18:12:44,1700590362337,-5,21/11/2023 13:12:42,132936,24,questionnaire-ewzl,,33108527,BLIND,9804355,,complete,dweahp,,computer,Desktop or Laptop,Chromium OS 14541.0.0,Chrome 118.0.0.0,1300x730,1300x575,,,,Overall Bot Questionnaire: Alex(2) then Pat(1),3,AB,2,No,different-alex-quantised,2
20,1700590364355,21/11/2023 18:12:44,1700590362337,-5,21/11/2023 13:12:42,132936,24,questionnaire-ewzl,,33108527,BLIND,9804355,,complete,dweahp,,computer,Desktop or Laptop,Chromium OS 14541.0.0,Chrome 118.0.0.0,1300x730,1300x575,,,,Overall Bot Questionnaire: Alex(2) then Pat(1),3,AB,2,No,different-pat,Strongly Agree
21,1700590364355,21/11/2023 18:12:44,1700590362338,-5,21/11/2023 13:12:42,132936,24,questionnaire-ewzl,,33108527,BLIND,9804355,,complete,dweahp,,computer,Desktop or Laptop,Chromium OS 14541.0.0,Chrome 118.0.0.0,1300x730,1300x575,,,,Overall Bot Questionnaire: Alex(2) then Pat(1),3,AB,2,No,different-pat-quantised,5
22,1700590364355,21/11/2023 18:12:44,1700590362338,-5,21/11/2023 13:12:42,132936,24,questionnaire-ewzl,,33108527,BLIND,9804355,,complete,dweahp,,computer,Desktop or Laptop,Chromium OS 14541.0.0,Chrome 118.0.0.0,1300x730,1300x575,,,,Overall Bot Questionnaire: Alex(2) then Pat(1),3,AB,2,No,chat-again-alex,Agree
23,1700590364497,21/11/2023 18:12:44,1700590362338,-5,21/11/2023 13:12:42,132936,24,questionnaire-ewzl,,33108527,BLIND,9804355,,complete,dweahp,,computer,Desktop or Laptop,Chromium OS 14541.0.0,Chrome 118.0.0.0,1300x730,1300x575,,,,Overall Bot Questionnaire: Alex(2) then Pat(1),3,AB,2,No,chat-again-alex-quantised,4
24,1700590364497,21/11/2023 18:12:44,1700590362338,-5,21/11/2023 13:12:42,132936,24,questionnaire-ewzl,,33108527,BLIND,9804355,,complete,dweahp,,computer,Desktop or Laptop,Chromium OS 14541.0.0,Chrome 118.0.0.0,1300x730,1300x575,,,,Overall Bot Questionnaire: Alex(2) then Pat(1),3,AB,2,No,chat-again-pat,Disagree
25,1700590364497,21/11/2023 18:12:44,1700590362338,-5,21/11/2023 13:12:42,132936,24,questionnaire-ewzl,,33108527,BLIND,9804355,,complete,dweahp,,computer,Desktop or Laptop,Chromium OS 14541.0.0,Chrome 118.0.0.0,1300x730,1300x575,,,,Overall Bot Questionnaire: Alex(2) then Pat(1),3,AB,2,No,chat-again-pat-quantised,2
26,1700590364497,21/11/2023 18:12:44,1700590362339,-5,21/11/2023 13:12:42,132936,24,questionnaire-ewzl,,33108527,BLIND,9804355,,complete,dweahp,,computer,Desktop or Laptop,Chromium OS 14541.0.0,Chrome 118.0.0.0,1300x730,1300x575,,,,Overall Bot Questionnaire: Alex(2) then Pat(1),3,AB,2,No,response-1-1,Alex
27,1700590364497,21/11/2023 18:12:44,1700590362339,-5,21/11/2023 13:12:42,132936,24,questionnaire-ewzl,,33108527,BLIND,9804355,,complete,dweahp,,computer,Desktop or Laptop,Chromium OS 14541.0.0,Chrome 118.0.0.0,1300x730,1300x575,,,,Overall Bot Questionnaire: Alex(2) then Pat(1),3,AB,2,No,response-1-2,Pat
28,1700590364497,21/11/2023 18:12:44,1700590362339,-5,21/11/2023 13:12:42,132936,24,questionnaire-ewzl,,33108527,BLIND,9804355,,complete,dweahp,,computer,Desktop or Laptop,Chromium OS 14541.0.0,Chrome 118.0.0.0,1300x730,1300x575,,,,Overall Bot Questionnaire: Alex(2) then Pat(1),3,AB,2,No,response-2,"Alex is my favorite because they have an open temperament and were ready to discuss almost anything. Also there was a more upbeat tone and a more positive outlook, generally speaking. Also, they were less secretive, which makes conversation much easier."
29,1700590364497,21/11/2023 18:12:44,1700590362339,-5,21/11/2023 13:12:42,132936,24,questionnaire-ewzl,,33108527,BLIND,9804355,,complete,dweahp,,computer,Desktop or Laptop,Chromium OS 14541.0.0,Chrome 118.0.0.0,1300x730,1300x575,,,,Overall Bot Questionnaire: Alex(2) then Pat(1),3,AB,2,No,response-3,"Pat was my least favorite because they wouldn't share anything about themselves. That made the conversation laborious, like I was trying so hard to pull something out of Pat that there was no real discussion going on at all. "
30,1700590364497,21/11/2023 18:12:44,1700590362340,-5,21/11/2023 13:12:42,132936,24,questionnaire-ewzl,,33108527,BLIND,9804355,,complete,dweahp,,computer,Desktop or Laptop,Chromium OS 14541.0.0,Chrome 118.0.0.0,1300x730,1300x575,,,,Overall Bot Questionnaire: Alex(2) then Pat(1),3,AB,2,No,END QUESTIONNAIRE,169031
1,1700591491067,21/11/2023 18:31:31,1700591491803,-6,21/11/2023 12:31:31,132936,24,questionnaire-ewzl,,33108990,BLIND,9804579,,complete,xyyntz,,computer,Desktop or Laptop,Windows 10,Chrome 119.0.0.0,2048x1152,2048x1003,,,,Overall Bot Questionnaire: Alex(2) then Pat(1),3,BA,2,No,BEGIN QUESTIONNAIRE,
2,1700591589289,21/11/2023 18:33:09,1700591590050,-6,21/11/2023 12:33:10,132936,24,questionnaire-ewzl,,33108990,BLIND,9804579,,complete,xyyntz,,computer,Desktop or Laptop,Windows 10,Chrome 119.0.0.0,2048x1152,2031x1003,,,,Overall Bot Questionnaire: Alex(2) then Pat(1),3,BA,2,No,similar-alex,Disagree
3,1700591589630,21/11/2023 18:33:09,1700591590051,-6,21/11/2023 12:33:10,132936,24,questionnaire-ewzl,,33108990,BLIND,9804579,,complete,xyyntz,,computer,Desktop or Laptop,Windows 10,Chrome 119.0.0.0,2048x1152,2031x1003,,,,Overall Bot Questionnaire: Alex(2) then Pat(1),3,BA,2,No,similar-alex-quantised,2
4,1700591589630,21/11/2023 18:33:09,1700591590051,-6,21/11/2023 12:33:10,132936,24,questionnaire-ewzl,,33108990,BLIND,9804579,,complete,xyyntz,,computer,Desktop or Laptop,Windows 10,Chrome 119.0.0.0,2048x1152,2031x1003,,,,Overall Bot Questionnaire: Alex(2) then Pat(1),3,BA,2,No,similar-pat,Neutral
5,1700591589630,21/11/2023 18:33:09,1700591590051,-6,21/11/2023 12:33:10,132936,24,questionnaire-ewzl,,33108990,BLIND,9804579,,complete,xyyntz,,computer,Desktop or Laptop,Windows 10,Chrome 119.0.0.0,2048x1152,2031x1003,,,,Overall Bot Questionnaire: Alex(2) then Pat(1),3,BA,2,No,similar-pat-quantised,3
6,1700591589630,21/11/2023 18:33:09,1700591590051,-6,21/11/2023 12:33:10,132936,24,questionnaire-ewzl,,33108990,BLIND,9804579,,complete,xyyntz,,computer,Desktop or Laptop,Windows 10,Chrome 119.0.0.0,2048x1152,2031x1003,,,,Overall Bot Questionnaire: Alex(2) then Pat(1),3,BA,2,No,enjoy-alex,Agree
7,1700591589630,21/11/2023 18:33:09,1700591590051,-6,21/11/2023 12:33:10,132936,24,questionnaire-ewzl,,33108990,BLIND,9804579,,complete,xyyntz,,computer,Desktop or Laptop,Windows 10,Chrome 119.0.0.0,2048x1152,2031x1003,,,,Overall Bot Questionnaire: Alex(2) then Pat(1),3,BA,2,No,enjoy-alex-quantised,4
8,1700591589630,21/11/2023 18:33:09,1700591590051,-6,21/11/2023 12:33:10,132936,24,questionnaire-ewzl,,33108990,BLIND,9804579,,complete,xyyntz,,computer,Desktop or Laptop,Windows 10,Chrome 119.0.0.0,2048x1152,2031x1003,,,,Overall Bot Questionnaire: Alex(2) then Pat(1),3,BA,2,No,enjoy-pat,Neutral
9,1700591589630,21/11/2023 18:33:09,1700591590051,-6,21/11/2023 12:33:10,132936,24,questionnaire-ewzl,,33108990,BLIND,9804579,,complete,xyyntz,,computer,Desktop or Laptop,Windows 10,Chrome 119.0.0.0,2048x1152,2031x1003,,,,Overall Bot Questionnaire: Alex(2) then Pat(1),3,BA,2,No,enjoy-pat-quantised,3
10,1700591589630,21/11/2023 18:33:09,1700591590052,-6,21/11/2023 12:33:10,132936,24,questionnaire-ewzl,,33108990,BLIND,9804579,,complete,xyyntz,,computer,Desktop or Laptop,Windows 10,Chrome 119.0.0.0,2048x1152,2031x1003,,,,Overall Bot Questionnaire: Alex(2) then Pat(1),3,BA,2,No,distant-alex,Disagree
11,1700591589630,21/11/2023 18:33:09,1700591590052,-6,21/11/2023 12:33:10,132936,24,questionnaire-ewzl,,33108990,BLIND,9804579,,complete,xyyntz,,computer,Desktop or Laptop,Windows 10,Chrome 119.0.0.0,2048x1152,2031x1003,,,,Overall Bot Questionnaire: Alex(2) then Pat(1),3,BA,2,No,distant-alex-quantised,2
12,1700591589630,21/11/2023 18:33:09,1700591590052,-6,21/11/2023 12:33:10,132936,24,questionnaire-ewzl,,33108990,BLIND,9804579,,complete,xyyntz,,computer,Desktop or Laptop,Windows 10,Chrome 119.0.0.0,2048x1152,2031x1003,,,,Overall Bot Questionnaire: Alex(2) then Pat(1),3,BA,2,No,distant-pat,Agree
13,1700591589630,21/11/2023 18:33:09,1700591590052,-6,21/11/2023 12:33:10,132936,24,questionnaire-ewzl,,33108990,BLIND,9804579,,complete,xyyntz,,computer,Desktop or Laptop,Windows 10,Chrome 119.0.0.0,2048x1152,2031x1003,,,,Overall Bot Questionnaire: Alex(2) then Pat(1),3,BA,2,No,distant-pat-quantised,4
14,1700591589630,21/11/2023 18:33:09,1700591590052,-6,21/11/2023 12:33:10,132936,24,questionnaire-ewzl,,33108990,BLIND,9804579,,complete,xyyntz,,computer,Desktop or Laptop,Windows 10,Chrome 119.0.0.0,2048x1152,2031x1003,,,,Overall Bot Questionnaire: Alex(2) then Pat(1),3,BA,2,No,understood-alex,Neutral
15,1700591589630,21/11/2023 18:33:09,1700591590052,-6,21/11/2023 12:33:10,132936,24,questionnaire-ewzl,,33108990,BLIND,9804579,,complete,xyyntz,,computer,Desktop or Laptop,Windows 10,Chrome 119.0.0.0,2048x1152,2031x1003,,,,Overall Bot Questionnaire: Alex(2) then Pat(1),3,BA,2,No,understood-alex-quantised,3
16,1700591589630,21/11/2023 18:33:09,1700591590052,-6,21/11/2023 12:33:10,132936,24,questionnaire-ewzl,,33108990,BLIND,9804579,,complete,xyyntz,,computer,Desktop or Laptop,Windows 10,Chrome 119.0.0.0,2048x1152,2031x1003,,,,Overall Bot Questionnaire: Alex(2) then Pat(1),3,BA,2,No,understood-pat,Disagree
17,1700591589630,21/11/2023 18:33:09,1700591590052,-6,21/11/2023 12:33:10,132936,24,questionnaire-ewzl,,33108990,BLIND,9804579,,complete,xyyntz,,computer,Desktop or Laptop,Windows 10,Chrome 119.0.0.0,2048x1152,2031x1003,,,,Overall Bot Questionnaire: Alex(2) then Pat(1),3,BA,2,No,understood-pat-quantised,2
18,1700591589630,21/11/2023 18:33:09,1700591590052,-6,21/11/2023 12:33:10,132936,24,questionnaire-ewzl,,33108990,BLIND,9804579,,complete,xyyntz,,computer,Desktop or Laptop,Windows 10,Chrome 119.0.0.0,2048x1152,2031x1003,,,,Overall Bot Questionnaire: Alex(2) then Pat(1),3,BA,2,No,different-alex,Disagree
19,1700591589630,21/11/2023 18:33:09,1700591590052,-6,21/11/2023 12:33:10,132936,24,questionnaire-ewzl,,33108990,BLIND,9804579,,complete,xyyntz,,computer,Desktop or Laptop,Windows 10,Chrome 119.0.0.0,2048x1152,2031x1003,,,,Overall Bot Questionnaire: Alex(2) then Pat(1),3,BA,2,No,different-alex-quantised,2
20,1700591589630,21/11/2023 18:33:09,1700591590052,-6,21/11/2023 12:33:10,132936,24,questionnaire-ewzl,,33108990,BLIND,9804579,,complete,xyyntz,,computer,Desktop or Laptop,Windows 10,Chrome 119.0.0.0,2048x1152,2031x1003,,,,Overall Bot Questionnaire: Alex(2) then Pat(1),3,BA,2,No,different-pat,Neutral
21,1700591589630,21/11/2023 18:33:09,1700591590053,-6,21/11/2023 12:33:10,132936,24,questionnaire-ewzl,,33108990,BLIND,9804579,,complete,xyyntz,,computer,Desktop or Laptop,Windows 10,Chrome 119.0.0.0,2048x1152,2031x1003,,,,Overall Bot Questionnaire: Alex(2) then Pat(1),3,BA,2,No,different-pat-quantised,3
22,1700591589630,21/11/2023 18:33:09,1700591590053,-6,21/11/2023 12:33:10,132936,24,questionnaire-ewzl,,33108990,BLIND,9804579,,complete,xyyntz,,computer,Desktop or Laptop,Windows 10,Chrome 119.0.0.0,2048x1152,2031x1003,,,,Overall Bot Questionnaire: Alex(2) then Pat(1),3,BA,2,No,chat-again-alex,Agree
23,1700591589791,21/11/2023 18:33:09,1700591590053,-6,21/11/2023 12:33:10,132936,24,questionnaire-ewzl,,33108990,BLIND,9804579,,complete,xyyntz,,computer,Desktop or Laptop,Windows 10,Chrome 119.0.0.0,2048x1152,2031x1003,,,,Overall Bot Questionnaire: Alex(2) then Pat(1),3,BA,2,No,chat-again-alex-quantised,4
24,1700591589791,21/11/2023 18:33:09,1700591590053,-6,21/11/2023 12:33:10,132936,24,questionnaire-ewzl,,33108990,BLIND,9804579,,complete,xyyntz,,computer,Desktop or Laptop,Windows 10,Chrome 119.0.0.0,2048x1152,2031x1003,,,,Overall Bot Questionnaire: Alex(2) then Pat(1),3,BA,2,No,chat-again-pat,Disagree
25,1700591589791,21/11/2023 18:33:09,1700591590053,-6,21/11/2023 12:33:10,132936,24,questionnaire-ewzl,,33108990,BLIND,9804579,,complete,xyyntz,,computer,Desktop or Laptop,Windows 10,Chrome 119.0.0.0,2048x1152,2031x1003,,,,Overall Bot Questionnaire: Alex(2) then Pat(1),3,BA,2,No,chat-again-pat-quantised,2
26,1700591589791,21/11/2023 18:33:09,1700591590053,-6,21/11/2023 12:33:10,132936,24,questionnaire-ewzl,,33108990,BLIND,9804579,,complete,xyyntz,,computer,Desktop or Laptop,Windows 10,Chrome 119.0.0.0,2048x1152,2031x1003,,,,Overall Bot Questionnaire: Alex(2) then Pat(1),3,BA,2,No,response-1-1,Alex
27,1700591589791,21/11/2023 18:33:09,1700591590053,-6,21/11/2023 12:33:10,132936,24,questionnaire-ewzl,,33108990,BLIND,9804579,,complete,xyyntz,,computer,Desktop or Laptop,Windows 10,Chrome 119.0.0.0,2048x1152,2031x1003,,,,Overall Bot Questionnaire: Alex(2) then Pat(1),3,BA,2,No,response-1-2,Pat
28,1700591589791,21/11/2023 18:33:09,1700591590053,-6,21/11/2023 12:33:10,132936,24,questionnaire-ewzl,,33108990,BLIND,9804579,,complete,xyyntz,,computer,Desktop or Laptop,Windows 10,Chrome 119.0.0.0,2048x1152,2031x1003,,,,Overall Bot Questionnaire: Alex(2) then Pat(1),3,BA,2,No,response-2,Alex was very friendly and had an ubeat presonality.
29,1700591589791,21/11/2023 18:33:09,1700591590053,-6,21/11/2023 12:33:10,132936,24,questionnaire-ewzl,,33108990,BLIND,9804579,,complete,xyyntz,,computer,Desktop or Laptop,Windows 10,Chrome 119.0.0.0,2048x1152,2031x1003,,,,Overall Bot Questionnaire: Alex(2) then Pat(1),3,BA,2,No,response-3,Pat clearly has issues and its not fun trying to comfort them as they talk about their anxiety/depression. Pat is a mood killer.
30,1700591589791,21/11/2023 18:33:09,1700591590054,-6,21/11/2023 12:33:10,132936,24,questionnaire-ewzl,,33108990,BLIND,9804579,,complete,xyyntz,,computer,Desktop or Laptop,Windows 10,Chrome 119.0.0.0,2048x1152,2031x1003,,,,Overall Bot Questionnaire: Alex(2) then Pat(1),3,BA,2,No,END QUESTIONNAIRE,98250
1,1700593752190,21/11/2023 19:09:12,1700593725076,-5,21/11/2023 14:08:45,132936,24,questionnaire-ewzl,,33109802,BLIND,9804926,,complete,ekkkzg,,computer,Desktop or Laptop,Windows 10,Opera 104.0.0.0,1920x1080,1918x956,,,,Overall Bot Questionnaire: Alex(2) then Pat(1),3,AB,2,No,BEGIN QUESTIONNAIRE,
2,1700593933818,21/11/2023 19:12:13,1700593906747,-5,21/11/2023 14:11:46,132936,24,questionnaire-ewzl,,33109802,BLIND,9804926,,complete,ekkkzg,,computer,Desktop or Laptop,Windows 10,Opera 104.0.0.0,1920x1080,1903x956,,,,Overall Bot Questionnaire: Alex(2) then Pat(1),3,AB,2,No,similar-alex,Agree
3,1700593934085,21/11/2023 19:12:14,1700593906748,-5,21/11/2023 14:11:46,132936,24,questionnaire-ewzl,,33109802,BLIND,9804926,,complete,ekkkzg,,computer,Desktop or Laptop,Windows 10,Opera 104.0.0.0,1920x1080,1903x956,,,,Overall Bot Questionnaire: Alex(2) then Pat(1),3,AB,2,No,similar-alex-quantised,4
4,1700593934085,21/11/2023 19:12:14,1700593906748,-5,21/11/2023 14:11:46,132936,24,questionnaire-ewzl,,33109802,BLIND,9804926,,complete,ekkkzg,,computer,Desktop or Laptop,Windows 10,Opera 104.0.0.0,1920x1080,1903x956,,,,Overall Bot Questionnaire: Alex(2) then Pat(1),3,AB,2,No,similar-pat,Disagree
5,1700593934085,21/11/2023 19:12:14,1700593906748,-5,21/11/2023 14:11:46,132936,24,questionnaire-ewzl,,33109802,BLIND,9804926,,complete,ekkkzg,,computer,Desktop or Laptop,Windows 10,Opera 104.0.0.0,1920x1080,1903x956,,,,Overall Bot Questionnaire: Alex(2) then Pat(1),3,AB,2,No,similar-pat-quantised,2
6,1700593934085,21/11/2023 19:12:14,1700593906748,-5,21/11/2023 14:11:46,132936,24,questionnaire-ewzl,,33109802,BLIND,9804926,,complete,ekkkzg,,computer,Desktop or Laptop,Windows 10,Opera 104.0.0.0,1920x1080,1903x956,,,,Overall Bot Questionnaire: Alex(2) then Pat(1),3,AB,2,No,enjoy-alex,Agree
7,1700593934085,21/11/2023 19:12:14,1700593906748,-5,21/11/2023 14:11:46,132936,24,questionnaire-ewzl,,33109802,BLIND,9804926,,complete,ekkkzg,,computer,Desktop or Laptop,Windows 10,Opera 104.0.0.0,1920x1080,1903x956,,,,Overall Bot Questionnaire: Alex(2) then Pat(1),3,AB,2,No,enjoy-alex-quantised,4
8,1700593934085,21/11/2023 19:12:14,1700593906748,-5,21/11/2023 14:11:46,132936,24,questionnaire-ewzl,,33109802,BLIND,9804926,,complete,ekkkzg,,computer,Desktop or Laptop,Windows 10,Opera 104.0.0.0,1920x1080,1903x956,,,,Overall Bot Questionnaire: Alex(2) then Pat(1),3,AB,2,No,enjoy-pat,Disagree
9,1700593934085,21/11/2023 19:12:14,1700593906748,-5,21/11/2023 14:11:46,132936,24,questionnaire-ewzl,,33109802,BLIND,9804926,,complete,ekkkzg,,computer,Desktop or Laptop,Windows 10,Opera 104.0.0.0,1920x1080,1903x956,,,,Overall Bot Questionnaire: Alex(2) then Pat(1),3,AB,2,No,enjoy-pat-quantised,2
10,1700593934085,21/11/2023 19:12:14,1700593906748,-5,21/11/2023 14:11:46,132936,24,questionnaire-ewzl,,33109802,BLIND,9804926,,complete,ekkkzg,,computer,Desktop or Laptop,Windows 10,Opera 104.0.0.0,1920x1080,1903x956,,,,Overall Bot Questionnaire: Alex(2) then Pat(1),3,AB,2,No,distant-alex,Disagree
11,1700593934085,21/11/2023 19:12:14,1700593906749,-5,21/11/2023 14:11:46,132936,24,questionnaire-ewzl,,33109802,BLIND,9804926,,complete,ekkkzg,,computer,Desktop or Laptop,Windows 10,Opera 104.0.0.0,1920x1080,1903x956,,,,Overall Bot Questionnaire: Alex(2) then Pat(1),3,AB,2,No,distant-alex-quantised,2
12,1700593934085,21/11/2023 19:12:14,1700593906749,-5,21/11/2023 14:11:46,132936,24,questionnaire-ewzl,,33109802,BLIND,9804926,,complete,ekkkzg,,computer,Desktop or Laptop,Windows 10,Opera 104.0.0.0,1920x1080,1903x956,,,,Overall Bot Questionnaire: Alex(2) then Pat(1),3,AB,2,No,distant-pat,Strongly Agree
13,1700593934085,21/11/2023 19:12:14,1700593906749,-5,21/11/2023 14:11:46,132936,24,questionnaire-ewzl,,33109802,BLIND,9804926,,complete,ekkkzg,,computer,Desktop or Laptop,Windows 10,Opera 104.0.0.0,1920x1080,1903x956,,,,Overall Bot Questionnaire: Alex(2) then Pat(1),3,AB,2,No,distant-pat-quantised,5
14,1700593934085,21/11/2023 19:12:14,1700593906749,-5,21/11/2023 14:11:46,132936,24,questionnaire-ewzl,,33109802,BLIND,9804926,,complete,ekkkzg,,computer,Desktop or Laptop,Windows 10,Opera 104.0.0.0,1920x1080,1903x956,,,,Overall Bot Questionnaire: Alex(2) then Pat(1),3,AB,2,No,understood-alex,Agree
15,1700593934085,21/11/2023 19:12:14,1700593906749,-5,21/11/2023 14:11:46,132936,24,questionnaire-ewzl,,33109802,BLIND,9804926,,complete,ekkkzg,,computer,Desktop or Laptop,Windows 10,Opera 104.0.0.0,1920x1080,1903x956,,,,Overall Bot Questionnaire: Alex(2) then Pat(1),3,AB,2,No,understood-alex-quantised,4
16,1700593934085,21/11/2023 19:12:14,1700593906749,-5,21/11/2023 14:11:46,132936,24,questionnaire-ewzl,,33109802,BLIND,9804926,,complete,ekkkzg,,computer,Desktop or Laptop,Windows 10,Opera 104.0.0.0,1920x1080,1903x956,,,,Overall Bot Questionnaire: Alex(2) then Pat(1),3,AB,2,No,understood-pat,Strongly Disagree
17,1700593934085,21/11/2023 19:12:14,1700593906749,-5,21/11/2023 14:11:46,132936,24,questionnaire-ewzl,,33109802,BLIND,9804926,,complete,ekkkzg,,computer,Desktop or Laptop,Windows 10,Opera 104.0.0.0,1920x1080,1903x956,,,,Overall Bot Questionnaire: Alex(2) then Pat(1),3,AB,2,No,understood-pat-quantised,1
18,1700593934085,21/11/2023 19:12:14,1700593906749,-5,21/11/2023 14:11:46,132936,24,questionnaire-ewzl,,33109802,BLIND,9804926,,complete,ekkkzg,,computer,Desktop or Laptop,Windows 10,Opera 104.0.0.0,1920x1080,1903x956,,,,Overall Bot Questionnaire: Alex(2) then Pat(1),3,AB,2,No,different-alex,Disagree
19,1700593934085,21/11/2023 19:12:14,1700593906749,-5,21/11/2023 14:11:46,132936,24,questionnaire-ewzl,,33109802,BLIND,9804926,,complete,ekkkzg,,computer,Desktop or Laptop,Windows 10,Opera 104.0.0.0,1920x1080,1903x956,,,,Overall Bot Questionnaire: Alex(2) then Pat(1),3,AB,2,No,different-alex-quantised,2
20,1700593934085,21/11/2023 19:12:14,1700593906749,-5,21/11/2023 14:11:46,132936,24,questionnaire-ewzl,,33109802,BLIND,9804926,,complete,ekkkzg,,computer,Desktop or Laptop,Windows 10,Opera 104.0.0.0,1920x1080,1903x956,,,,Overall Bot Questionnaire: Alex(2) then Pat(1),3,AB,2,No,different-pat,Agree
21,1700593934085,21/11/2023 19:12:14,1700593906750,-5,21/11/2023 14:11:46,132936,24,questionnaire-ewzl,,33109802,BLIND,9804926,,complete,ekkkzg,,computer,Desktop or Laptop,Windows 10,Opera 104.0.0.0,1920x1080,1903x956,,,,Overall Bot Questionnaire: Alex(2) then Pat(1),3,AB,2,No,different-pat-quantised,4
22,1700593934085,21/11/2023 19:12:14,1700593906750,-5,21/11/2023 14:11:46,132936,24,questionnaire-ewzl,,33109802,BLIND,9804926,,complete,ekkkzg,,computer,Desktop or Laptop,Windows 10,Opera 104.0.0.0,1920x1080,1903x956,,,,Overall Bot Questionnaire: Alex(2) then Pat(1),3,AB,2,No,chat-again-alex,Agree
23,1700593934221,21/11/2023 19:12:14,1700593906750,-5,21/11/2023 14:11:46,132936,24,questionnaire-ewzl,,33109802,BLIND,9804926,,complete,ekkkzg,,computer,Desktop or Laptop,Windows 10,Opera 104.0.0.0,1920x1080,1903x956,,,,Overall Bot Questionnaire: Alex(2) then Pat(1),3,AB,2,No,chat-again-alex-quantised,4
24,1700593934221,21/11/2023 19:12:14,1700593906750,-5,21/11/2023 14:11:46,132936,24,questionnaire-ewzl,,33109802,BLIND,9804926,,complete,ekkkzg,,computer,Desktop or Laptop,Windows 10,Opera 104.0.0.0,1920x1080,1903x956,,,,Overall Bot Questionnaire: Alex(2) then Pat(1),3,AB,2,No,chat-again-pat,Strongly Disagree
25,1700593934221,21/11/2023 19:12:14,1700593906750,-5,21/11/2023 14:11:46,132936,24,questionnaire-ewzl,,33109802,BLIND,9804926,,complete,ekkkzg,,computer,Desktop or Laptop,Windows 10,Opera 104.0.0.0,1920x1080,1903x956,,,,Overall Bot Questionnaire: Alex(2) then Pat(1),3,AB,2,No,chat-again-pat-quantised,1
26,1700593934221,21/11/2023 19:12:14,1700593906750,-5,21/11/2023 14:11:46,132936,24,questionnaire-ewzl,,33109802,BLIND,9804926,,complete,ekkkzg,,computer,Desktop or Laptop,Windows 10,Opera 104.0.0.0,1920x1080,1903x956,,,,Overall Bot Questionnaire: Alex(2) then Pat(1),3,AB,2,No,response-1-1,Alex
27,1700593934221,21/11/2023 19:12:14,1700593906750,-5,21/11/2023 14:11:46,132936,24,questionnaire-ewzl,,33109802,BLIND,9804926,,complete,ekkkzg,,computer,Desktop or Laptop,Windows 10,Opera 104.0.0.0,1920x1080,1903x956,,,,Overall Bot Questionnaire: Alex(2) then Pat(1),3,AB,2,No,response-1-2,Pat
28,1700593934221,21/11/2023 19:12:14,1700593906750,-5,21/11/2023 14:11:46,132936,24,questionnaire-ewzl,,33109802,BLIND,9804926,,complete,ekkkzg,,computer,Desktop or Laptop,Windows 10,Opera 104.0.0.0,1920x1080,1903x956,,,,Overall Bot Questionnaire: Alex(2) then Pat(1),3,AB,2,No,response-2,"Alex was easy to talk to. The conversation flowed into the next topic in a natural way. It was fun, interesting and engaging."
29,1700593934221,21/11/2023 19:12:14,1700593906751,-5,21/11/2023 14:11:46,132936,24,questionnaire-ewzl,,33109802,BLIND,9804926,,complete,ekkkzg,,computer,Desktop or Laptop,Windows 10,Opera 104.0.0.0,1920x1080,1903x956,,,,Overall Bot Questionnaire: Alex(2) then Pat(1),3,AB,2,No,response-3,Pat was depressing to talk to. The topic of conversation never changed. It didn't feel like I was making progress.
30,1700593934221,21/11/2023 19:12:14,1700593906751,-5,21/11/2023 14:11:46,132936,24,questionnaire-ewzl,,33109802,BLIND,9804926,,complete,ekkkzg,,computer,Desktop or Laptop,Windows 10,Opera 104.0.0.0,1920x1080,1903x956,,,,Overall Bot Questionnaire: Alex(2) then Pat(1),3,AB,2,No,END QUESTIONNAIRE,181675
1,1700666830813,22/11/2023 15:27:10,1700666830736,-4,22/11/2023 11:27:10,132936,24,questionnaire-ewzl,,33132730,BLIND,9810928,,complete,fbbvin,,computer,Desktop or Laptop,Mac OS 10.15.7,Chrome 118.0.0.0,1440x900,1060x723,,,,Overall Bot Questionnaire: Alex(2) then Pat(1),3,AB,2,No,BEGIN QUESTIONNAIRE,
2,1700666903886,22/11/2023 15:28:23,1700666903840,-4,22/11/2023 11:28:23,132936,24,questionnaire-ewzl,,33132730,BLIND,9810928,,complete,fbbvin,,computer,Desktop or Laptop,Mac OS 10.15.7,Chrome 118.0.0.0,1440x900,1060x723,,,,Overall Bot Questionnaire: Alex(2) then Pat(1),3,AB,2,No,similar-alex,Agree
3,1700666904005,22/11/2023 15:28:24,1700666903841,-4,22/11/2023 11:28:23,132936,24,questionnaire-ewzl,,33132730,BLIND,9810928,,complete,fbbvin,,computer,Desktop or Laptop,Mac OS 10.15.7,Chrome 118.0.0.0,1440x900,1060x723,,,,Overall Bot Questionnaire: Alex(2) then Pat(1),3,AB,2,No,similar-alex-quantised,4
4,1700666904005,22/11/2023 15:28:24,1700666903841,-4,22/11/2023 11:28:23,132936,24,questionnaire-ewzl,,33132730,BLIND,9810928,,complete,fbbvin,,computer,Desktop or Laptop,Mac OS 10.15.7,Chrome 118.0.0.0,1440x900,1060x723,,,,Overall Bot Questionnaire: Alex(2) then Pat(1),3,AB,2,No,similar-pat,Neutral
5,1700666904005,22/11/2023 15:28:24,1700666903841,-4,22/11/2023 11:28:23,132936,24,questionnaire-ewzl,,33132730,BLIND,9810928,,complete,fbbvin,,computer,Desktop or Laptop,Mac OS 10.15.7,Chrome 118.0.0.0,1440x900,1060x723,,,,Overall Bot Questionnaire: Alex(2) then Pat(1),3,AB,2,No,similar-pat-quantised,3
6,1700666904005,22/11/2023 15:28:24,1700666903841,-4,22/11/2023 11:28:23,132936,24,questionnaire-ewzl,,33132730,BLIND,9810928,,complete,fbbvin,,computer,Desktop or Laptop,Mac OS 10.15.7,Chrome 118.0.0.0,1440x900,1060x723,,,,Overall Bot Questionnaire: Alex(2) then Pat(1),3,AB,2,No,enjoy-alex,Strongly Agree
7,1700666904005,22/11/2023 15:28:24,1700666903841,-4,22/11/2023 11:28:23,132936,24,questionnaire-ewzl,,33132730,BLIND,9810928,,complete,fbbvin,,computer,Desktop or Laptop,Mac OS 10.15.7,Chrome 118.0.0.0,1440x900,1060x723,,,,Overall Bot Questionnaire: Alex(2) then Pat(1),3,AB,2,No,enjoy-alex-quantised,5
8,1700666904005,22/11/2023 15:28:24,1700666903842,-4,22/11/2023 11:28:23,132936,24,questionnaire-ewzl,,33132730,BLIND,9810928,,complete,fbbvin,,computer,Desktop or Laptop,Mac OS 10.15.7,Chrome 118.0.0.0,1440x900,1060x723,,,,Overall Bot Questionnaire: Alex(2) then Pat(1),3,AB,2,No,enjoy-pat,Agree
9,1700666904005,22/11/2023 15:28:24,1700666903842,-4,22/11/2023 11:28:23,132936,24,questionnaire-ewzl,,33132730,BLIND,9810928,,complete,fbbvin,,computer,Desktop or Laptop,Mac OS 10.15.7,Chrome 118.0.0.0,1440x900,1060x723,,,,Overall Bot Questionnaire: Alex(2) then Pat(1),3,AB,2,No,enjoy-pat-quantised,4
10,1700666904005,22/11/2023 15:28:24,1700666903842,-4,22/11/2023 11:28:23,132936,24,questionnaire-ewzl,,33132730,BLIND,9810928,,complete,fbbvin,,computer,Desktop or Laptop,Mac OS 10.15.7,Chrome 118.0.0.0,1440x900,1060x723,,,,Overall Bot Questionnaire: Alex(2) then Pat(1),3,AB,2,No,distant-alex,Disagree
11,1700666904005,22/11/2023 15:28:24,1700666903842,-4,22/11/2023 11:28:23,132936,24,questionnaire-ewzl,,33132730,BLIND,9810928,,complete,fbbvin,,computer,Desktop or Laptop,Mac OS 10.15.7,Chrome 118.0.0.0,1440x900,1060x723,,,,Overall Bot Questionnaire: Alex(2) then Pat(1),3,AB,2,No,distant-alex-quantised,2
12,1700666904005,22/11/2023 15:28:24,1700666903842,-4,22/11/2023 11:28:23,132936,24,questionnaire-ewzl,,33132730,BLIND,9810928,,complete,fbbvin,,computer,Desktop or Laptop,Mac OS 10.15.7,Chrome 118.0.0.0,1440x900,1060x723,,,,Overall Bot Questionnaire: Alex(2) then Pat(1),3,AB,2,No,distant-pat,Agree
13,1700666904005,22/11/2023 15:28:24,1700666903843,-4,22/11/2023 11:28:23,132936,24,questionnaire-ewzl,,33132730,BLIND,9810928,,complete,fbbvin,,computer,Desktop or Laptop,Mac OS 10.15.7,Chrome 118.0.0.0,1440x900,1060x723,,,,Overall Bot Questionnaire: Alex(2) then Pat(1),3,AB,2,No,distant-pat-quantised,4
14,1700666904005,22/11/2023 15:28:24,1700666903843,-4,22/11/2023 11:28:23,132936,24,questionnaire-ewzl,,33132730,BLIND,9810928,,complete,fbbvin,,computer,Desktop or Laptop,Mac OS 10.15.7,Chrome 118.0.0.0,1440x900,1060x723,,,,Overall Bot Questionnaire: Alex(2) then Pat(1),3,AB,2,No,understood-alex,Agree
15,1700666904005,22/11/2023 15:28:24,1700666903843,-4,22/11/2023 11:28:23,132936,24,questionnaire-ewzl,,33132730,BLIND,9810928,,complete,fbbvin,,computer,Desktop or Laptop,Mac OS 10.15.7,Chrome 118.0.0.0,1440x900,1060x723,,,,Overall Bot Questionnaire: Alex(2) then Pat(1),3,AB,2,No,understood-alex-quantised,4
16,1700666904005,22/11/2023 15:28:24,1700666903843,-4,22/11/2023 11:28:23,132936,24,questionnaire-ewzl,,33132730,BLIND,9810928,,complete,fbbvin,,computer,Desktop or Laptop,Mac OS 10.15.7,Chrome 118.0.0.0,1440x900,1060x723,,,,Overall Bot Questionnaire: Alex(2) then Pat(1),3,AB,2,No,understood-pat,Agree
17,1700666904005,22/11/2023 15:28:24,1700666903843,-4,22/11/2023 11:28:23,132936,24,questionnaire-ewzl,,33132730,BLIND,9810928,,complete,fbbvin,,computer,Desktop or Laptop,Mac OS 10.15.7,Chrome 118.0.0.0,1440x900,1060x723,,,,Overall Bot Questionnaire: Alex(2) then Pat(1),3,AB,2,No,understood-pat-quantised,4
18,1700666904005,22/11/2023 15:28:24,1700666903844,-4,22/11/2023 11:28:23,132936,24,questionnaire-ewzl,,33132730,BLIND,9810928,,complete,fbbvin,,computer,Desktop or Laptop,Mac OS 10.15.7,Chrome 118.0.0.0,1440x900,1060x723,,,,Overall Bot Questionnaire: Alex(2) then Pat(1),3,AB,2,No,different-alex,Disagree
19,1700666904005,22/11/2023 15:28:24,1700666903844,-4,22/11/2023 11:28:23,132936,24,questionnaire-ewzl,,33132730,BLIND,9810928,,complete,fbbvin,,computer,Desktop or Laptop,Mac OS 10.15.7,Chrome 118.0.0.0,1440x900,1060x723,,,,Overall Bot Questionnaire: Alex(2) then Pat(1),3,AB,2,No,different-alex-quantised,2
20,1700666904005,22/11/2023 15:28:24,1700666903844,-4,22/11/2023 11:28:23,132936,24,questionnaire-ewzl,,33132730,BLIND,9810928,,complete,fbbvin,,computer,Desktop or Laptop,Mac OS 10.15.7,Chrome 118.0.0.0,1440x900,1060x723,,,,Overall Bot Questionnaire: Alex(2) then Pat(1),3,AB,2,No,different-pat,Neutral
21,1700666904005,22/11/2023 15:28:24,1700666903844,-4,22/11/2023 11:28:23,132936,24,questionnaire-ewzl,,33132730,BLIND,9810928,,complete,fbbvin,,computer,Desktop or Laptop,Mac OS 10.15.7,Chrome 118.0.0.0,1440x900,1060x723,,,,Overall Bot Questionnaire: Alex(2) then Pat(1),3,AB,2,No,different-pat-quantised,3
22,1700666904005,22/11/2023 15:28:24,1700666903845,-4,22/11/2023 11:28:23,132936,24,questionnaire-ewzl,,33132730,BLIND,9810928,,complete,fbbvin,,computer,Desktop or Laptop,Mac OS 10.15.7,Chrome 118.0.0.0,1440x900,1060x723,,,,Overall Bot Questionnaire: Alex(2) then Pat(1),3,AB,2,No,chat-again-alex,Agree
23,1700666904136,22/11/2023 15:28:24,1700666903845,-4,22/11/2023 11:28:23,132936,24,questionnaire-ewzl,,33132730,BLIND,9810928,,complete,fbbvin,,computer,Desktop or Laptop,Mac OS 10.15.7,Chrome 118.0.0.0,1440x900,1060x723,,,,Overall Bot Questionnaire: Alex(2) then Pat(1),3,AB,2,No,chat-again-alex-quantised,4
24,1700666904136,22/11/2023 15:28:24,1700666903845,-4,22/11/2023 11:28:23,132936,24,questionnaire-ewzl,,33132730,BLIND,9810928,,complete,fbbvin,,computer,Desktop or Laptop,Mac OS 10.15.7,Chrome 118.0.0.0,1440x900,1060x723,,,,Overall Bot Questionnaire: Alex(2) then Pat(1),3,AB,2,No,chat-again-pat,Neutral
25,1700666904136,22/11/2023 15:28:24,1700666903845,-4,22/11/2023 11:28:23,132936,24,questionnaire-ewzl,,33132730,BLIND,9810928,,complete,fbbvin,,computer,Desktop or Laptop,Mac OS 10.15.7,Chrome 118.0.0.0,1440x900,1060x723,,,,Overall Bot Questionnaire: Alex(2) then Pat(1),3,AB,2,No,chat-again-pat-quantised,3
26,1700666904136,22/11/2023 15:28:24,1700666903845,-4,22/11/2023 11:28:23,132936,24,questionnaire-ewzl,,33132730,BLIND,9810928,,complete,fbbvin,,computer,Desktop or Laptop,Mac OS 10.15.7,Chrome 118.0.0.0,1440x900,1060x723,,,,Overall Bot Questionnaire: Alex(2) then Pat(1),3,AB,2,No,response-1-1,Alex
27,1700666904136,22/11/2023 15:28:24,1700666903846,-4,22/11/2023 11:28:23,132936,24,questionnaire-ewzl,,33132730,BLIND,9810928,,complete,fbbvin,,computer,Desktop or Laptop,Mac OS 10.15.7,Chrome 118.0.0.0,1440x900,1060x723,,,,Overall Bot Questionnaire: Alex(2) then Pat(1),3,AB,2,No,response-1-2,Pat
28,1700666904136,22/11/2023 15:28:24,1700666903846,-4,22/11/2023 11:28:23,132936,24,questionnaire-ewzl,,33132730,BLIND,9810928,,complete,fbbvin,,computer,Desktop or Laptop,Mac OS 10.15.7,Chrome 118.0.0.0,1440x900,1060x723,,,,Overall Bot Questionnaire: Alex(2) then Pat(1),3,AB,2,No,response-2,it felt like alex could maintain a conversation better than pat 
29,1700666904136,22/11/2023 15:28:24,1700666903846,-4,22/11/2023 11:28:23,132936,24,questionnaire-ewzl,,33132730,BLIND,9810928,,complete,fbbvin,,computer,Desktop or Laptop,Mac OS 10.15.7,Chrome 118.0.0.0,1440x900,1060x723,,,,Overall Bot Questionnaire: Alex(2) then Pat(1),3,AB,2,No,response-3,"while pat was nice to chat with, they kept mentioning how miserable they are before asking another question about me"
30,1700666904136,22/11/2023 15:28:24,1700666903846,-4,22/11/2023 11:28:23,132936,24,questionnaire-ewzl,,33132730,BLIND,9810928,,complete,fbbvin,,computer,Desktop or Laptop,Mac OS 10.15.7,Chrome 118.0.0.0,1440x900,1060x723,,,,Overall Bot Questionnaire: Alex(2) then Pat(1),3,AB,2,No,END QUESTIONNAIRE,73110
END OF FILE
