Event Index,UTC Timestamp,UTC Date and Time,Local Timestamp,Local Timezone,Local Date and Time,Experiment ID,Experiment Version,Tree Node Key,Repeat Key,Schedule ID,Participant Public ID,Participant Private ID,Participant Starting Group,Participant Status,Participant Completion Code,Participant External Session ID,Participant Device Type,Participant Device,Participant OS,Participant Browser,Participant Monitor Size,Participant Viewport Size,Checkpoint,Room ID,Room Order,Task Name,Task Version,order-iuov,randomiser-bl99,Page,Page ID,Page Counter,Question,Response Type,Key,Response,Tag,OptionOrder,Object Name,Object Number,Object ID
1,1705416541746,16/01/2024 14:49:01,1705398541746,-5,16/01/2024 04:49:01,154938,3,questionnaire-8v2c,,34253998,BLIND,10117140,,complete,dmxwjw,,computer,Desktop or Laptop,Windows 10,Chrome 120.0.0.0,1920x1080,1920x919,,,0,welcomeAndConsent,13,BA,1,,,,,5,,BEGIN,,,,,
2,1705416554086,16/01/2024 14:49:14,1705398554086,-5,16/01/2024 04:49:14,154938,3,questionnaire-8v2c,,34253998,BLIND,10117140,,complete,dmxwjw,,computer,Desktop or Laptop,Windows 10,Chrome 120.0.0.0,1920x1080,1920x919,,,0,welcomeAndConsent,13,BA,1,Page 1,4txcqs,1,What is your age?,response,value,42,,,Number Entry,3,object-4
3,1705416554086,16/01/2024 14:49:14,1705398554086,-5,16/01/2024 04:49:14,154938,3,questionnaire-8v2c,,34253998,BLIND,10117140,,complete,dmxwjw,,computer,Desktop or Laptop,Windows 10,Chrome 120.0.0.0,1920x1080,1920x919,,,0,welcomeAndConsent,13,BA,1,Page 1,4txcqs,1,What is your gender?,response,value,Male,,Male|Female|Non-Binary,Dropdown,4,object-5
4,1705416554086,16/01/2024 14:49:14,1705398554086,-5,16/01/2024 04:49:14,154938,3,questionnaire-8v2c,,34253998,BLIND,10117140,,complete,dmxwjw,,computer,Desktop or Laptop,Windows 10,Chrome 120.0.0.0,1920x1080,1920x919,,,0,welcomeAndConsent,13,BA,1,Page 1,4txcqs,1,What is your gender?,response,quantised,1,,Male|Female|Non-Binary,Dropdown,4,object-5
5,1705416554086,16/01/2024 14:49:14,1705398554086,-5,16/01/2024 04:49:14,154938,3,questionnaire-8v2c,,34253998,BLIND,10117140,,complete,dmxwjw,,computer,Desktop or Laptop,Windows 10,Chrome 120.0.0.0,1920x1080,1920x919,,,0,welcomeAndConsent,13,BA,1,Page 1,4txcqs,1,"If you have read the information above and agree to participate with the understanding that the data you submit will be processed accordingly, please tick the box below to start.",response,Do you agree?-yes,1,,Do you agree?,Consent Form,5,object-6
6,1705416554087,16/01/2024 14:49:14,1705398554087,-5,16/01/2024 04:49:14,154938,3,questionnaire-8v2c,,34253998,BLIND,10117140,,complete,dmxwjw,,computer,Desktop or Laptop,Windows 10,Chrome 120.0.0.0,1920x1080,1920x919,,,0,welcomeAndConsent,13,BA,1,,,,,5,,END,,,,,
1,1705416599323,16/01/2024 14:49:59,1705394999323,-6,16/01/2024 02:49:59,154938,3,questionnaire-8v2c,,34254045,BLIND,10117154,,complete,ktjyjp,,computer,Desktop or Laptop,Ubuntu undefined,Firefox 120.0,1680x1050,1680x938,,,0,welcomeAndConsent,13,AB,2,,,,,5,,BEGIN,,,,,
2,1705416632803,16/01/2024 14:50:32,1705395032803,-6,16/01/2024 02:50:32,154938,3,questionnaire-8v2c,,34254045,BLIND,10117154,,complete,ktjyjp,,computer,Desktop or Laptop,Ubuntu undefined,Firefox 120.0,1680x1050,1680x938,,,0,welcomeAndConsent,13,AB,2,Page 1,4txcqs,1,What is your age?,response,value,42,,,Number Entry,3,object-4
3,1705416632803,16/01/2024 14:50:32,1705395032803,-6,16/01/2024 02:50:32,154938,3,questionnaire-8v2c,,34254045,BLIND,10117154,,complete,ktjyjp,,computer,Desktop or Laptop,Ubuntu undefined,Firefox 120.0,1680x1050,1680x938,,,0,welcomeAndConsent,13,AB,2,Page 1,4txcqs,1,What is your gender?,response,value,Male,,Male|Female|Non-Binary,Dropdown,4,object-5
4,1705416632803,16/01/2024 14:50:32,1705395032803,-6,16/01/2024 02:50:32,154938,3,questionnaire-8v2c,,34254045,BLIND,10117154,,complete,ktjyjp,,computer,Desktop or Laptop,Ubuntu undefined,Firefox 120.0,1680x1050,1680x938,,,0,welcomeAndConsent,13,AB,2,Page 1,4txcqs,1,What is your gender?,response,quantised,1,,Male|Female|Non-Binary,Dropdown,4,object-5
5,1705416632803,16/01/2024 14:50:32,1705395032803,-6,16/01/2024 02:50:32,154938,3,questionnaire-8v2c,,34254045,BLIND,10117154,,complete,ktjyjp,,computer,Desktop or Laptop,Ubuntu undefined,Firefox 120.0,1680x1050,1680x938,,,0,welcomeAndConsent,13,AB,2,Page 1,4txcqs,1,"If you have read the information above and agree to participate with the understanding that the data you submit will be processed accordingly, please tick the box below to start.",response,Do you agree?-yes,1,,Do you agree?,Consent Form,5,object-6
6,1705416632803,16/01/2024 14:50:32,1705395032803,-6,16/01/2024 02:50:32,154938,3,questionnaire-8v2c,,34254045,BLIND,10117154,,complete,ktjyjp,,computer,Desktop or Laptop,Ubuntu undefined,Firefox 120.0,1680x1050,1680x938,,,0,welcomeAndConsent,13,AB,2,,,,,5,,END,,,,,
1,1705416759551,16/01/2024 14:52:39,1705398759551,-5,16/01/2024 04:52:39,154938,3,questionnaire-8v2c,,34254152,BLIND,10117181,,complete,boznxl,,computer,Desktop or Laptop,Windows 10,Chrome 120.0.0.0,1920x1200,1271x913,,,0,welcomeAndConsent,13,BA,2,,,,,5,,BEGIN,,,,,
2,1705416786093,16/01/2024 14:53:06,1705398786093,-5,16/01/2024 04:53:06,154938,3,questionnaire-8v2c,,34254152,BLIND,10117181,,complete,boznxl,,computer,Desktop or Laptop,Windows 10,Chrome 120.0.0.0,1920x1200,1271x913,,,0,welcomeAndConsent,13,BA,2,Page 1,4txcqs,1,What is your age?,response,value,48,,,Number Entry,3,object-4
3,1705416786094,16/01/2024 14:53:06,1705398786094,-5,16/01/2024 04:53:06,154938,3,questionnaire-8v2c,,34254152,BLIND,10117181,,complete,boznxl,,computer,Desktop or Laptop,Windows 10,Chrome 120.0.0.0,1920x1200,1271x913,,,0,welcomeAndConsent,13,BA,2,Page 1,4txcqs,1,What is your gender?,response,value,Female,,Male|Female|Non-Binary,Dropdown,4,object-5
4,1705416786094,16/01/2024 14:53:06,1705398786094,-5,16/01/2024 04:53:06,154938,3,questionnaire-8v2c,,34254152,BLIND,10117181,,complete,boznxl,,computer,Desktop or Laptop,Windows 10,Chrome 120.0.0.0,1920x1200,1271x913,,,0,welcomeAndConsent,13,BA,2,Page 1,4txcqs,1,What is your gender?,response,quantised,2,,Male|Female|Non-Binary,Dropdown,4,object-5
5,1705416786094,16/01/2024 14:53:06,1705398786094,-5,16/01/2024 04:53:06,154938,3,questionnaire-8v2c,,34254152,BLIND,10117181,,complete,boznxl,,computer,Desktop or Laptop,Windows 10,Chrome 120.0.0.0,1920x1200,1271x913,,,0,welcomeAndConsent,13,BA,2,Page 1,4txcqs,1,"If you have read the information above and agree to participate with the understanding that the data you submit will be processed accordingly, please tick the box below to start.",response,Do you agree?-yes,1,,Do you agree?,Consent Form,5,object-6
6,1705416786095,16/01/2024 14:53:06,1705398786095,-5,16/01/2024 04:53:06,154938,3,questionnaire-8v2c,,34254152,BLIND,10117181,,complete,boznxl,,computer,Desktop or Laptop,Windows 10,Chrome 120.0.0.0,1920x1200,1271x913,,,0,welcomeAndConsent,13,BA,2,,,,,5,,END,,,,,
1,1705416790441,16/01/2024 14:53:10,1705395190441,-6,16/01/2024 02:53:10,154938,3,questionnaire-8v2c,,34254177,BLIND,10117189,,complete,qnwaem,,computer,Desktop or Laptop,Windows 10,Firefox 121.0,1920x1080,1920x947,,,0,welcomeAndConsent,13,BA,1,,,,,5,,BEGIN,,,,,
2,1705416818596,16/01/2024 14:53:38,1705395218596,-6,16/01/2024 02:53:38,154938,3,questionnaire-8v2c,,34254177,BLIND,10117189,,complete,qnwaem,,computer,Desktop or Laptop,Windows 10,Firefox 121.0,1920x1080,1920x947,,,0,welcomeAndConsent,13,BA,1,Page 1,4txcqs,1,"If you have read the information above and agree to participate with the understanding that the data you submit will be processed accordingly, please tick the box below to start.",response,Do you agree?-yes,1,,Do you agree?,Consent Form,5,object-6
3,1705416818596,16/01/2024 14:53:38,1705395218596,-6,16/01/2024 02:53:38,154938,3,questionnaire-8v2c,,34254177,BLIND,10117189,,complete,qnwaem,,computer,Desktop or Laptop,Windows 10,Firefox 121.0,1920x1080,1920x947,,,0,welcomeAndConsent,13,BA,1,Page 1,4txcqs,1,What is your age?,response,value,39,,,Number Entry,3,object-4
4,1705416818596,16/01/2024 14:53:38,1705395218596,-6,16/01/2024 02:53:38,154938,3,questionnaire-8v2c,,34254177,BLIND,10117189,,complete,qnwaem,,computer,Desktop or Laptop,Windows 10,Firefox 121.0,1920x1080,1920x947,,,0,welcomeAndConsent,13,BA,1,Page 1,4txcqs,1,What is your gender?,response,value,Female,,Male|Female|Non-Binary,Dropdown,4,object-5
5,1705416818596,16/01/2024 14:53:38,1705395218596,-6,16/01/2024 02:53:38,154938,3,questionnaire-8v2c,,34254177,BLIND,10117189,,complete,qnwaem,,computer,Desktop or Laptop,Windows 10,Firefox 121.0,1920x1080,1920x947,,,0,welcomeAndConsent,13,BA,1,Page 1,4txcqs,1,What is your gender?,response,quantised,2,,Male|Female|Non-Binary,Dropdown,4,object-5
6,1705416818596,16/01/2024 14:53:38,1705395218596,-6,16/01/2024 02:53:38,154938,3,questionnaire-8v2c,,34254177,BLIND,10117189,,complete,qnwaem,,computer,Desktop or Laptop,Windows 10,Firefox 121.0,1920x1080,1920x947,,,0,welcomeAndConsent,13,BA,1,,,,,5,,END,,,,,
1,1705416812559,16/01/2024 14:53:32,1705398812559,-5,16/01/2024 04:53:32,154938,3,questionnaire-8v2c,,34254191,BLIND,10117196,,complete,srdufa,,computer,Desktop or Laptop,Windows 10,Chrome 120.0.0.0,1536x960,1536x791,,,0,welcomeAndConsent,13,BA,2,,,,,5,,BEGIN,,,,,
2,1705416827390,16/01/2024 14:53:47,1705398827390,-5,16/01/2024 04:53:47,154938,3,questionnaire-8v2c,,34254191,BLIND,10117196,,complete,srdufa,,computer,Desktop or Laptop,Windows 10,Chrome 120.0.0.0,1536x960,1536x791,,,0,welcomeAndConsent,13,BA,2,Page 1,4txcqs,1,What is your age?,response,value,37,,,Number Entry,3,object-4
3,1705416827390,16/01/2024 14:53:47,1705398827390,-5,16/01/2024 04:53:47,154938,3,questionnaire-8v2c,,34254191,BLIND,10117196,,complete,srdufa,,computer,Desktop or Laptop,Windows 10,Chrome 120.0.0.0,1536x960,1536x791,,,0,welcomeAndConsent,13,BA,2,Page 1,4txcqs,1,What is your gender?,response,value,Male,,Male|Female|Non-Binary,Dropdown,4,object-5
4,1705416827390,16/01/2024 14:53:47,1705398827390,-5,16/01/2024 04:53:47,154938,3,questionnaire-8v2c,,34254191,BLIND,10117196,,complete,srdufa,,computer,Desktop or Laptop,Windows 10,Chrome 120.0.0.0,1536x960,1536x791,,,0,welcomeAndConsent,13,BA,2,Page 1,4txcqs,1,What is your gender?,response,quantised,1,,Male|Female|Non-Binary,Dropdown,4,object-5
5,1705416827390,16/01/2024 14:53:47,1705398827390,-5,16/01/2024 04:53:47,154938,3,questionnaire-8v2c,,34254191,BLIND,10117196,,complete,srdufa,,computer,Desktop or Laptop,Windows 10,Chrome 120.0.0.0,1536x960,1536x791,,,0,welcomeAndConsent,13,BA,2,Page 1,4txcqs,1,"If you have read the information above and agree to participate with the understanding that the data you submit will be processed accordingly, please tick the box below to start.",response,Do you agree?-yes,1,,Do you agree?,Consent Form,5,object-6
6,1705416827390,16/01/2024 14:53:47,1705398827390,-5,16/01/2024 04:53:47,154938,3,questionnaire-8v2c,,34254191,BLIND,10117196,,complete,srdufa,,computer,Desktop or Laptop,Windows 10,Chrome 120.0.0.0,1536x960,1536x791,,,0,welcomeAndConsent,13,BA,2,,,,,5,,END,,,,,
1,1705416827025,16/01/2024 14:53:47,1705398827025,-5,16/01/2024 04:53:47,154938,3,questionnaire-8v2c,,34254197,BLIND,10117199,,complete,cqyldl,,computer,Desktop or Laptop,Linux x86_64,Chrome 120.0.0.0,412x915,980x1826,,,0,welcomeAndConsent,13,BA,1,,,,,5,,BEGIN,,,,,
2,1705416841529,16/01/2024 14:54:01,1705398841529,-5,16/01/2024 04:54:01,154938,3,questionnaire-8v2c,,34254197,BLIND,10117199,,complete,cqyldl,,computer,Desktop or Laptop,Linux x86_64,Chrome 120.0.0.0,412x915,980x1826,,,0,welcomeAndConsent,13,BA,1,Page 1,4txcqs,1,What is your age?,response,value,39,,,Number Entry,3,object-4
3,1705416841530,16/01/2024 14:54:01,1705398841530,-5,16/01/2024 04:54:01,154938,3,questionnaire-8v2c,,34254197,BLIND,10117199,,complete,cqyldl,,computer,Desktop or Laptop,Linux x86_64,Chrome 120.0.0.0,412x915,980x1826,,,0,welcomeAndConsent,13,BA,1,Page 1,4txcqs,1,What is your gender?,response,value,Male,,Male|Female|Non-Binary,Dropdown,4,object-5
4,1705416841531,16/01/2024 14:54:01,1705398841531,-5,16/01/2024 04:54:01,154938,3,questionnaire-8v2c,,34254197,BLIND,10117199,,complete,cqyldl,,computer,Desktop or Laptop,Linux x86_64,Chrome 120.0.0.0,412x915,980x1826,,,0,welcomeAndConsent,13,BA,1,Page 1,4txcqs,1,What is your gender?,response,quantised,1,,Male|Female|Non-Binary,Dropdown,4,object-5
5,1705416841532,16/01/2024 14:54:01,1705398841532,-5,16/01/2024 04:54:01,154938,3,questionnaire-8v2c,,34254197,BLIND,10117199,,complete,cqyldl,,computer,Desktop or Laptop,Linux x86_64,Chrome 120.0.0.0,412x915,980x1826,,,0,welcomeAndConsent,13,BA,1,Page 1,4txcqs,1,"If you have read the information above and agree to participate with the understanding that the data you submit will be processed accordingly, please tick the box below to start.",response,Do you agree?-yes,1,,Do you agree?,Consent Form,5,object-6
6,1705416841534,16/01/2024 14:54:01,1705398841534,-5,16/01/2024 04:54:01,154938,3,questionnaire-8v2c,,34254197,BLIND,10117199,,complete,cqyldl,,computer,Desktop or Laptop,Linux x86_64,Chrome 120.0.0.0,412x915,980x1826,,,0,welcomeAndConsent,13,BA,1,,,,,5,,END,,,,,
1,1705416853100,16/01/2024 14:54:13,1705398853100,-5,16/01/2024 04:54:13,154938,3,questionnaire-8v2c,,34254220,BLIND,10117204,,complete,zhpkco,,computer,Desktop or Laptop,Windows 10,Chrome 120.0.0.0,2560x1440,1880x1009,,,0,welcomeAndConsent,13,AB,1,,,,,5,,BEGIN,,,,,
2,1705416961376,16/01/2024 14:56:01,1705398961376,-5,16/01/2024 04:56:01,154938,3,questionnaire-8v2c,,34254220,BLIND,10117204,,complete,zhpkco,,computer,Desktop or Laptop,Windows 10,Chrome 120.0.0.0,2560x1440,1880x1009,,,0,welcomeAndConsent,13,AB,1,Page 1,4txcqs,1,What is your age?,response,value,46,,,Number Entry,3,object-4
3,1705416961377,16/01/2024 14:56:01,1705398961377,-5,16/01/2024 04:56:01,154938,3,questionnaire-8v2c,,34254220,BLIND,10117204,,complete,zhpkco,,computer,Desktop or Laptop,Windows 10,Chrome 120.0.0.0,2560x1440,1880x1009,,,0,welcomeAndConsent,13,AB,1,Page 1,4txcqs,1,What is your gender?,response,value,Male,,Male|Female|Non-Binary,Dropdown,4,object-5
4,1705416961377,16/01/2024 14:56:01,1705398961377,-5,16/01/2024 04:56:01,154938,3,questionnaire-8v2c,,34254220,BLIND,10117204,,complete,zhpkco,,computer,Desktop or Laptop,Windows 10,Chrome 120.0.0.0,2560x1440,1880x1009,,,0,welcomeAndConsent,13,AB,1,Page 1,4txcqs,1,What is your gender?,response,quantised,1,,Male|Female|Non-Binary,Dropdown,4,object-5
5,1705416961377,16/01/2024 14:56:01,1705398961377,-5,16/01/2024 04:56:01,154938,3,questionnaire-8v2c,,34254220,BLIND,10117204,,complete,zhpkco,,computer,Desktop or Laptop,Windows 10,Chrome 120.0.0.0,2560x1440,1880x1009,,,0,welcomeAndConsent,13,AB,1,Page 1,4txcqs,1,"If you have read the information above and agree to participate with the understanding that the data you submit will be processed accordingly, please tick the box below to start.",response,Do you agree?-yes,1,,Do you agree?,Consent Form,5,object-6
6,1705416961377,16/01/2024 14:56:01,1705398961377,-5,16/01/2024 04:56:01,154938,3,questionnaire-8v2c,,34254220,BLIND,10117204,,complete,zhpkco,,computer,Desktop or Laptop,Windows 10,Chrome 120.0.0.0,2560x1440,1880x1009,,,0,welcomeAndConsent,13,AB,1,,,,,5,,END,,,,,
1,1705417271098,16/01/2024 15:01:11,1705399271098,-5,16/01/2024 05:01:11,154938,3,questionnaire-8v2c,,34254480,BLIND,10117263,,complete,jcsuwg,,computer,Desktop or Laptop,Windows 10,Chrome 120.0.0.0,1366x768,1366x641,,,0,welcomeAndConsent,13,AB,1,,,,,5,,BEGIN,,,,,
2,1705417285960,16/01/2024 15:01:25,1705399285960,-5,16/01/2024 05:01:25,154938,3,questionnaire-8v2c,,34254480,BLIND,10117263,,complete,jcsuwg,,computer,Desktop or Laptop,Windows 10,Chrome 120.0.0.0,1366x768,1366x641,,,0,welcomeAndConsent,13,AB,1,Page 1,4txcqs,1,What is your age?,response,value,49,,,Number Entry,3,object-4
3,1705417285961,16/01/2024 15:01:25,1705399285961,-5,16/01/2024 05:01:25,154938,3,questionnaire-8v2c,,34254480,BLIND,10117263,,complete,jcsuwg,,computer,Desktop or Laptop,Windows 10,Chrome 120.0.0.0,1366x768,1366x641,,,0,welcomeAndConsent,13,AB,1,Page 1,4txcqs,1,"If you have read the information above and agree to participate with the understanding that the data you submit will be processed accordingly, please tick the box below to start.",response,Do you agree?-yes,1,,Do you agree?,Consent Form,5,object-6
4,1705417285961,16/01/2024 15:01:25,1705399285961,-5,16/01/2024 05:01:25,154938,3,questionnaire-8v2c,,34254480,BLIND,10117263,,complete,jcsuwg,,computer,Desktop or Laptop,Windows 10,Chrome 120.0.0.0,1366x768,1366x641,,,0,welcomeAndConsent,13,AB,1,Page 1,4txcqs,1,What is your gender?,response,value,Male,,Male|Female|Non-Binary,Dropdown,4,object-5
5,1705417285961,16/01/2024 15:01:25,1705399285961,-5,16/01/2024 05:01:25,154938,3,questionnaire-8v2c,,34254480,BLIND,10117263,,complete,jcsuwg,,computer,Desktop or Laptop,Windows 10,Chrome 120.0.0.0,1366x768,1366x641,,,0,welcomeAndConsent,13,AB,1,Page 1,4txcqs,1,What is your gender?,response,quantised,1,,Male|Female|Non-Binary,Dropdown,4,object-5
6,1705417285962,16/01/2024 15:01:25,1705399285962,-5,16/01/2024 05:01:25,154938,3,questionnaire-8v2c,,34254480,BLIND,10117263,,complete,jcsuwg,,computer,Desktop or Laptop,Windows 10,Chrome 120.0.0.0,1366x768,1366x641,,,0,welcomeAndConsent,13,AB,1,,,,,5,,END,,,,,
1,1705417638890,16/01/2024 15:07:18,1705399638890,-5,16/01/2024 05:07:18,154938,3,questionnaire-8v2c,,34254676,BLIND,10117310,,complete,relmjs,,computer,Desktop or Laptop,Windows 10,Chrome 120.0.0.0,1920x1080,1920x953,,,0,welcomeAndConsent,13,BA,2,,,,,5,,BEGIN,,,,,
2,1705417648493,16/01/2024 15:07:28,1705399648493,-5,16/01/2024 05:07:28,154938,3,questionnaire-8v2c,,34254676,BLIND,10117310,,complete,relmjs,,computer,Desktop or Laptop,Windows 10,Chrome 120.0.0.0,1920x1080,1920x953,,,0,welcomeAndConsent,13,BA,2,Page 1,4txcqs,1,What is your age?,response,value,49,,,Number Entry,3,object-4
3,1705417648494,16/01/2024 15:07:28,1705399648494,-5,16/01/2024 05:07:28,154938,3,questionnaire-8v2c,,34254676,BLIND,10117310,,complete,relmjs,,computer,Desktop or Laptop,Windows 10,Chrome 120.0.0.0,1920x1080,1920x953,,,0,welcomeAndConsent,13,BA,2,Page 1,4txcqs,1,What is your gender?,response,value,Male,,Male|Female|Non-Binary,Dropdown,4,object-5
4,1705417648494,16/01/2024 15:07:28,1705399648494,-5,16/01/2024 05:07:28,154938,3,questionnaire-8v2c,,34254676,BLIND,10117310,,complete,relmjs,,computer,Desktop or Laptop,Windows 10,Chrome 120.0.0.0,1920x1080,1920x953,,,0,welcomeAndConsent,13,BA,2,Page 1,4txcqs,1,What is your gender?,response,quantised,1,,Male|Female|Non-Binary,Dropdown,4,object-5
5,1705417648494,16/01/2024 15:07:28,1705399648494,-5,16/01/2024 05:07:28,154938,3,questionnaire-8v2c,,34254676,BLIND,10117310,,complete,relmjs,,computer,Desktop or Laptop,Windows 10,Chrome 120.0.0.0,1920x1080,1920x953,,,0,welcomeAndConsent,13,BA,2,Page 1,4txcqs,1,"If you have read the information above and agree to participate with the understanding that the data you submit will be processed accordingly, please tick the box below to start.",response,Do you agree?-yes,1,,Do you agree?,Consent Form,5,object-6
6,1705417648495,16/01/2024 15:07:28,1705399648495,-5,16/01/2024 05:07:28,154938,3,questionnaire-8v2c,,34254676,BLIND,10117310,,complete,relmjs,,computer,Desktop or Laptop,Windows 10,Chrome 120.0.0.0,1920x1080,1920x953,,,0,welcomeAndConsent,13,BA,2,,,,,5,,END,,,,,
1,1705418166065,16/01/2024 15:16:06,1705389366065,-8,15/01/2024 23:16:06,154938,3,questionnaire-8v2c,,34254946,BLIND,10117424,,complete,floywu,,computer,Desktop or Laptop,Windows 10,Chrome 120.0.0.0,1920x1080,1920x911,,,0,welcomeAndConsent,13,AB,1,,,,,5,,BEGIN,,,,,
2,1705418185432,16/01/2024 15:16:25,1705389385432,-8,15/01/2024 23:16:25,154938,3,questionnaire-8v2c,,34254946,BLIND,10117424,,complete,floywu,,computer,Desktop or Laptop,Windows 10,Chrome 120.0.0.0,1920x1080,1920x911,,,0,welcomeAndConsent,13,AB,1,Page 1,4txcqs,1,What is your age?,response,value,48,,,Number Entry,3,object-4
3,1705418185432,16/01/2024 15:16:25,1705389385432,-8,15/01/2024 23:16:25,154938,3,questionnaire-8v2c,,34254946,BLIND,10117424,,complete,floywu,,computer,Desktop or Laptop,Windows 10,Chrome 120.0.0.0,1920x1080,1920x911,,,0,welcomeAndConsent,13,AB,1,Page 1,4txcqs,1,What is your gender?,response,value,Male,,Male|Female|Non-Binary,Dropdown,4,object-5
4,1705418185432,16/01/2024 15:16:25,1705389385432,-8,15/01/2024 23:16:25,154938,3,questionnaire-8v2c,,34254946,BLIND,10117424,,complete,floywu,,computer,Desktop or Laptop,Windows 10,Chrome 120.0.0.0,1920x1080,1920x911,,,0,welcomeAndConsent,13,AB,1,Page 1,4txcqs,1,What is your gender?,response,quantised,1,,Male|Female|Non-Binary,Dropdown,4,object-5
5,1705418185433,16/01/2024 15:16:25,1705389385433,-8,15/01/2024 23:16:25,154938,3,questionnaire-8v2c,,34254946,BLIND,10117424,,complete,floywu,,computer,Desktop or Laptop,Windows 10,Chrome 120.0.0.0,1920x1080,1920x911,,,0,welcomeAndConsent,13,AB,1,Page 1,4txcqs,1,"If you have read the information above and agree to participate with the understanding that the data you submit will be processed accordingly, please tick the box below to start.",response,Do you agree?-yes,1,,Do you agree?,Consent Form,5,object-6
6,1705418185433,16/01/2024 15:16:25,1705389385433,-8,15/01/2024 23:16:25,154938,3,questionnaire-8v2c,,34254946,BLIND,10117424,,complete,floywu,,computer,Desktop or Laptop,Windows 10,Chrome 120.0.0.0,1920x1080,1920x911,,,0,welcomeAndConsent,13,AB,1,,,,,5,,END,,,,,
1,1705418312800,16/01/2024 15:18:32,1705400312800,-5,16/01/2024 05:18:32,154938,3,questionnaire-8v2c,,34255130,BLIND,10117478,,complete,hkxewv,,computer,Desktop or Laptop,Windows 10,Chrome 120.0.0.0,1600x900,1600x773,,,0,welcomeAndConsent,13,BA,2,,,,,5,,BEGIN,,,,,
2,1705418326302,16/01/2024 15:18:46,1705400326302,-5,16/01/2024 05:18:46,154938,3,questionnaire-8v2c,,34255130,BLIND,10117478,,complete,hkxewv,,computer,Desktop or Laptop,Windows 10,Chrome 120.0.0.0,1600x900,1600x773,,,0,welcomeAndConsent,13,BA,2,Page 1,4txcqs,1,What is your age?,response,value,47,,,Number Entry,3,object-4
3,1705418326302,16/01/2024 15:18:46,1705400326302,-5,16/01/2024 05:18:46,154938,3,questionnaire-8v2c,,34255130,BLIND,10117478,,complete,hkxewv,,computer,Desktop or Laptop,Windows 10,Chrome 120.0.0.0,1600x900,1600x773,,,0,welcomeAndConsent,13,BA,2,Page 1,4txcqs,1,What is your gender?,response,value,Male,,Male|Female|Non-Binary,Dropdown,4,object-5
4,1705418326302,16/01/2024 15:18:46,1705400326302,-5,16/01/2024 05:18:46,154938,3,questionnaire-8v2c,,34255130,BLIND,10117478,,complete,hkxewv,,computer,Desktop or Laptop,Windows 10,Chrome 120.0.0.0,1600x900,1600x773,,,0,welcomeAndConsent,13,BA,2,Page 1,4txcqs,1,What is your gender?,response,quantised,1,,Male|Female|Non-Binary,Dropdown,4,object-5
5,1705418326303,16/01/2024 15:18:46,1705400326303,-5,16/01/2024 05:18:46,154938,3,questionnaire-8v2c,,34255130,BLIND,10117478,,complete,hkxewv,,computer,Desktop or Laptop,Windows 10,Chrome 120.0.0.0,1600x900,1600x773,,,0,welcomeAndConsent,13,BA,2,Page 1,4txcqs,1,"If you have read the information above and agree to participate with the understanding that the data you submit will be processed accordingly, please tick the box below to start.",response,Do you agree?-yes,1,,Do you agree?,Consent Form,5,object-6
6,1705418326303,16/01/2024 15:18:46,1705400326303,-5,16/01/2024 05:18:46,154938,3,questionnaire-8v2c,,34255130,BLIND,10117478,,complete,hkxewv,,computer,Desktop or Laptop,Windows 10,Chrome 120.0.0.0,1600x900,1600x773,,,0,welcomeAndConsent,13,BA,2,,,,,5,,END,,,,,
1,1705418753350,16/01/2024 15:25:53,1705397153350,-6,16/01/2024 03:25:53,154938,3,questionnaire-8v2c,,34255864,BLIND,10117696,,complete,pmgorz,,computer,Desktop or Laptop,Windows 10,Chrome 120.0.0.0,2048x1152,2048x991,,,0,welcomeAndConsent,13,AB,1,,,,,5,,BEGIN,,,,,
2,1705418776812,16/01/2024 15:26:16,1705397176812,-6,16/01/2024 03:26:16,154938,3,questionnaire-8v2c,,34255864,BLIND,10117696,,complete,pmgorz,,computer,Desktop or Laptop,Windows 10,Chrome 120.0.0.0,2048x1152,2048x991,,,0,welcomeAndConsent,13,AB,1,Page 1,4txcqs,1,What is your age?,response,value,38,,,Number Entry,3,object-4
3,1705418776812,16/01/2024 15:26:16,1705397176812,-6,16/01/2024 03:26:16,154938,3,questionnaire-8v2c,,34255864,BLIND,10117696,,complete,pmgorz,,computer,Desktop or Laptop,Windows 10,Chrome 120.0.0.0,2048x1152,2048x991,,,0,welcomeAndConsent,13,AB,1,Page 1,4txcqs,1,What is your gender?,response,value,Male,,Male|Female|Non-Binary,Dropdown,4,object-5
4,1705418776812,16/01/2024 15:26:16,1705397176812,-6,16/01/2024 03:26:16,154938,3,questionnaire-8v2c,,34255864,BLIND,10117696,,complete,pmgorz,,computer,Desktop or Laptop,Windows 10,Chrome 120.0.0.0,2048x1152,2048x991,,,0,welcomeAndConsent,13,AB,1,Page 1,4txcqs,1,What is your gender?,response,quantised,1,,Male|Female|Non-Binary,Dropdown,4,object-5
5,1705418776812,16/01/2024 15:26:16,1705397176812,-6,16/01/2024 03:26:16,154938,3,questionnaire-8v2c,,34255864,BLIND,10117696,,complete,pmgorz,,computer,Desktop or Laptop,Windows 10,Chrome 120.0.0.0,2048x1152,2048x991,,,0,welcomeAndConsent,13,AB,1,Page 1,4txcqs,1,"If you have read the information above and agree to participate with the understanding that the data you submit will be processed accordingly, please tick the box below to start.",response,Do you agree?-yes,1,,Do you agree?,Consent Form,5,object-6
6,1705418776813,16/01/2024 15:26:16,1705397176813,-6,16/01/2024 03:26:16,154938,3,questionnaire-8v2c,,34255864,BLIND,10117696,,complete,pmgorz,,computer,Desktop or Laptop,Windows 10,Chrome 120.0.0.0,2048x1152,2048x991,,,0,welcomeAndConsent,13,AB,1,,,,,5,,END,,,,,
1,1705419176223,16/01/2024 15:32:56,1705401176223,-5,16/01/2024 05:32:56,154938,3,questionnaire-8v2c,,34256257,BLIND,10117839,,complete,bpssrv,,computer,Desktop or Laptop,Windows 10,Chrome 120.0.0.0,1536x864,1536x703,,,0,welcomeAndConsent,13,AB,2,,,,,5,,BEGIN,,,,,
2,1705419213558,16/01/2024 15:33:33,1705401213558,-5,16/01/2024 05:33:33,154938,3,questionnaire-8v2c,,34256257,BLIND,10117839,,complete,bpssrv,,computer,Desktop or Laptop,Windows 10,Chrome 120.0.0.0,1536x864,1536x703,,,0,welcomeAndConsent,13,AB,2,Page 1,4txcqs,1,What is your age?,response,value,32,,,Number Entry,3,object-4
3,1705419213558,16/01/2024 15:33:33,1705401213558,-5,16/01/2024 05:33:33,154938,3,questionnaire-8v2c,,34256257,BLIND,10117839,,complete,bpssrv,,computer,Desktop or Laptop,Windows 10,Chrome 120.0.0.0,1536x864,1536x703,,,0,welcomeAndConsent,13,AB,2,Page 1,4txcqs,1,What is your gender?,response,value,Female,,Male|Female|Non-Binary,Dropdown,4,object-5
4,1705419213558,16/01/2024 15:33:33,1705401213558,-5,16/01/2024 05:33:33,154938,3,questionnaire-8v2c,,34256257,BLIND,10117839,,complete,bpssrv,,computer,Desktop or Laptop,Windows 10,Chrome 120.0.0.0,1536x864,1536x703,,,0,welcomeAndConsent,13,AB,2,Page 1,4txcqs,1,What is your gender?,response,quantised,2,,Male|Female|Non-Binary,Dropdown,4,object-5
5,1705419213559,16/01/2024 15:33:33,1705401213559,-5,16/01/2024 05:33:33,154938,3,questionnaire-8v2c,,34256257,BLIND,10117839,,complete,bpssrv,,computer,Desktop or Laptop,Windows 10,Chrome 120.0.0.0,1536x864,1536x703,,,0,welcomeAndConsent,13,AB,2,Page 1,4txcqs,1,"If you have read the information above and agree to participate with the understanding that the data you submit will be processed accordingly, please tick the box below to start.",response,Do you agree?-yes,1,,Do you agree?,Consent Form,5,object-6
6,1705419213559,16/01/2024 15:33:33,1705401213559,-5,16/01/2024 05:33:33,154938,3,questionnaire-8v2c,,34256257,BLIND,10117839,,complete,bpssrv,,computer,Desktop or Laptop,Windows 10,Chrome 120.0.0.0,1536x864,1536x703,,,0,welcomeAndConsent,13,AB,2,,,,,5,,END,,,,,
1,1705419273492,16/01/2024 15:34:33,1705397673492,-6,16/01/2024 03:34:33,154938,3,questionnaire-8v2c,,34256323,BLIND,10117874,,complete,veyisd,,computer,Desktop or Laptop,Mac OS 10.15.7,Safari 15.6.1,1280x800,1280x638,,,0,welcomeAndConsent,13,AB,1,,,,,5,,BEGIN,,,,,
2,1705419337944,16/01/2024 15:35:37,1705397737944,-6,16/01/2024 03:35:37,154938,3,questionnaire-8v2c,,34256323,BLIND,10117874,,complete,veyisd,,computer,Desktop or Laptop,Mac OS 10.15.7,Safari 15.6.1,1280x800,1280x638,,,0,welcomeAndConsent,13,AB,1,Page 1,4txcqs,1,What is your age?,response,value,39,,,Number Entry,3,object-4
3,1705419337944,16/01/2024 15:35:37,1705397737944,-6,16/01/2024 03:35:37,154938,3,questionnaire-8v2c,,34256323,BLIND,10117874,,complete,veyisd,,computer,Desktop or Laptop,Mac OS 10.15.7,Safari 15.6.1,1280x800,1280x638,,,0,welcomeAndConsent,13,AB,1,Page 1,4txcqs,1,What is your gender?,response,value,Female,,Male|Female|Non-Binary,Dropdown,4,object-5
4,1705419337944,16/01/2024 15:35:37,1705397737944,-6,16/01/2024 03:35:37,154938,3,questionnaire-8v2c,,34256323,BLIND,10117874,,complete,veyisd,,computer,Desktop or Laptop,Mac OS 10.15.7,Safari 15.6.1,1280x800,1280x638,,,0,welcomeAndConsent,13,AB,1,Page 1,4txcqs,1,What is your gender?,response,quantised,2,,Male|Female|Non-Binary,Dropdown,4,object-5
5,1705419337944,16/01/2024 15:35:37,1705397737944,-6,16/01/2024 03:35:37,154938,3,questionnaire-8v2c,,34256323,BLIND,10117874,,complete,veyisd,,computer,Desktop or Laptop,Mac OS 10.15.7,Safari 15.6.1,1280x800,1280x638,,,0,welcomeAndConsent,13,AB,1,Page 1,4txcqs,1,"If you have read the information above and agree to participate with the understanding that the data you submit will be processed accordingly, please tick the box below to start.",response,Do you agree?-yes,1,,Do you agree?,Consent Form,5,object-6
6,1705419337945,16/01/2024 15:35:37,1705397737945,-6,16/01/2024 03:35:37,154938,3,questionnaire-8v2c,,34256323,BLIND,10117874,,complete,veyisd,,computer,Desktop or Laptop,Mac OS 10.15.7,Safari 15.6.1,1280x800,1280x638,,,0,welcomeAndConsent,13,AB,1,,,,,5,,END,,,,,
1,1705419529483,16/01/2024 15:38:49,1705390729483,-8,15/01/2024 23:38:49,154938,3,questionnaire-8v2c,,34256520,BLIND,10117950,,complete,uehdtw,,computer,Desktop or Laptop,Windows 10,Chrome 109.0.0.0,1920x1080,1920x932,,,0,welcomeAndConsent,13,BA,1,,,,,5,,BEGIN,,,,,
2,1705419548166,16/01/2024 15:39:08,1705390748166,-8,15/01/2024 23:39:08,154938,3,questionnaire-8v2c,,34256520,BLIND,10117950,,complete,uehdtw,,computer,Desktop or Laptop,Windows 10,Chrome 109.0.0.0,1920x1080,1920x932,,,0,welcomeAndConsent,13,BA,1,Page 1,4txcqs,1,"If you have read the information above and agree to participate with the understanding that the data you submit will be processed accordingly, please tick the box below to start.",response,Do you agree?-yes,1,,Do you agree?,Consent Form,5,object-6
3,1705419548166,16/01/2024 15:39:08,1705390748166,-8,15/01/2024 23:39:08,154938,3,questionnaire-8v2c,,34256520,BLIND,10117950,,complete,uehdtw,,computer,Desktop or Laptop,Windows 10,Chrome 109.0.0.0,1920x1080,1920x932,,,0,welcomeAndConsent,13,BA,1,Page 1,4txcqs,1,What is your age?,response,value,42,,,Number Entry,3,object-4
4,1705419548167,16/01/2024 15:39:08,1705390748167,-8,15/01/2024 23:39:08,154938,3,questionnaire-8v2c,,34256520,BLIND,10117950,,complete,uehdtw,,computer,Desktop or Laptop,Windows 10,Chrome 109.0.0.0,1920x1080,1920x932,,,0,welcomeAndConsent,13,BA,1,Page 1,4txcqs,1,What is your gender?,response,value,Male,,Male|Female|Non-Binary,Dropdown,4,object-5
5,1705419548167,16/01/2024 15:39:08,1705390748167,-8,15/01/2024 23:39:08,154938,3,questionnaire-8v2c,,34256520,BLIND,10117950,,complete,uehdtw,,computer,Desktop or Laptop,Windows 10,Chrome 109.0.0.0,1920x1080,1920x932,,,0,welcomeAndConsent,13,BA,1,Page 1,4txcqs,1,What is your gender?,response,quantised,1,,Male|Female|Non-Binary,Dropdown,4,object-5
6,1705419548168,16/01/2024 15:39:08,1705390748168,-8,15/01/2024 23:39:08,154938,3,questionnaire-8v2c,,34256520,BLIND,10117950,,complete,uehdtw,,computer,Desktop or Laptop,Windows 10,Chrome 109.0.0.0,1920x1080,1920x932,,,0,welcomeAndConsent,13,BA,1,,,,,5,,END,,,,,
1,1705420655613,16/01/2024 15:57:35,1705402655613,-5,16/01/2024 05:57:35,154938,3,questionnaire-8v2c,,34257104,BLIND,10118208,,complete,qoiost,,computer,Desktop or Laptop,Mac OS 10.15.7,Chrome 119.0.0.0,1440x900,1440x813,,,0,welcomeAndConsent,13,BA,2,,,,,5,,BEGIN,,,,,
2,1705421354425,16/01/2024 16:09:14,1705403354425,-5,16/01/2024 06:09:14,154938,3,questionnaire-8v2c,,34257104,BLIND,10118208,,complete,qoiost,,computer,Desktop or Laptop,Mac OS 10.15.7,Chrome 119.0.0.0,1440x900,1440x813,,,0,welcomeAndConsent,13,BA,2,Page 1,4txcqs,1,What is your age?,response,value,18,,,Number Entry,3,object-4
3,1705421354425,16/01/2024 16:09:14,1705403354425,-5,16/01/2024 06:09:14,154938,3,questionnaire-8v2c,,34257104,BLIND,10118208,,complete,qoiost,,computer,Desktop or Laptop,Mac OS 10.15.7,Chrome 119.0.0.0,1440x900,1440x813,,,0,welcomeAndConsent,13,BA,2,Page 1,4txcqs,1,What is your gender?,response,value,Male,,Male|Female|Non-Binary,Dropdown,4,object-5
4,1705421354425,16/01/2024 16:09:14,1705403354425,-5,16/01/2024 06:09:14,154938,3,questionnaire-8v2c,,34257104,BLIND,10118208,,complete,qoiost,,computer,Desktop or Laptop,Mac OS 10.15.7,Chrome 119.0.0.0,1440x900,1440x813,,,0,welcomeAndConsent,13,BA,2,Page 1,4txcqs,1,What is your gender?,response,quantised,1,,Male|Female|Non-Binary,Dropdown,4,object-5
5,1705421354425,16/01/2024 16:09:14,1705403354425,-5,16/01/2024 06:09:14,154938,3,questionnaire-8v2c,,34257104,BLIND,10118208,,complete,qoiost,,computer,Desktop or Laptop,Mac OS 10.15.7,Chrome 119.0.0.0,1440x900,1440x813,,,0,welcomeAndConsent,13,BA,2,Page 1,4txcqs,1,"If you have read the information above and agree to participate with the understanding that the data you submit will be processed accordingly, please tick the box below to start.",response,Do you agree?-yes,1,,Do you agree?,Consent Form,5,object-6
6,1705421354425,16/01/2024 16:09:14,1705403354425,-5,16/01/2024 06:09:14,154938,3,questionnaire-8v2c,,34257104,BLIND,10118208,,complete,qoiost,,computer,Desktop or Laptop,Mac OS 10.15.7,Chrome 119.0.0.0,1440x900,1440x813,,,0,welcomeAndConsent,13,BA,2,,,,,5,,END,,,,,
1,1705420937000,16/01/2024 16:02:17,1705402937000,-5,16/01/2024 06:02:17,154938,3,questionnaire-8v2c,,34257272,BLIND,10118261,,complete,edhfnf,,computer,Desktop or Laptop,Mac OS 10.15.7,Chrome 120.0.0.0,1536x960,1536x744,,,0,welcomeAndConsent,13,AB,1,,,,,5,,BEGIN,,,,,
2,1705420950159,16/01/2024 16:02:30,1705402950159,-5,16/01/2024 06:02:30,154938,3,questionnaire-8v2c,,34257272,BLIND,10118261,,complete,edhfnf,,computer,Desktop or Laptop,Mac OS 10.15.7,Chrome 120.0.0.0,1536x960,1536x744,,,0,welcomeAndConsent,13,AB,1,Page 1,4txcqs,1,"If you have read the information above and agree to participate with the understanding that the data you submit will be processed accordingly, please tick the box below to start.",response,Do you agree?-yes,1,,Do you agree?,Consent Form,5,object-6
3,1705420950159,16/01/2024 16:02:30,1705402950159,-5,16/01/2024 06:02:30,154938,3,questionnaire-8v2c,,34257272,BLIND,10118261,,complete,edhfnf,,computer,Desktop or Laptop,Mac OS 10.15.7,Chrome 120.0.0.0,1536x960,1536x744,,,0,welcomeAndConsent,13,AB,1,Page 1,4txcqs,1,What is your age?,response,value,29,,,Number Entry,3,object-4
4,1705420950159,16/01/2024 16:02:30,1705402950159,-5,16/01/2024 06:02:30,154938,3,questionnaire-8v2c,,34257272,BLIND,10118261,,complete,edhfnf,,computer,Desktop or Laptop,Mac OS 10.15.7,Chrome 120.0.0.0,1536x960,1536x744,,,0,welcomeAndConsent,13,AB,1,Page 1,4txcqs,1,What is your gender?,response,value,Male,,Male|Female|Non-Binary,Dropdown,4,object-5
5,1705420950160,16/01/2024 16:02:30,1705402950160,-5,16/01/2024 06:02:30,154938,3,questionnaire-8v2c,,34257272,BLIND,10118261,,complete,edhfnf,,computer,Desktop or Laptop,Mac OS 10.15.7,Chrome 120.0.0.0,1536x960,1536x744,,,0,welcomeAndConsent,13,AB,1,Page 1,4txcqs,1,What is your gender?,response,quantised,1,,Male|Female|Non-Binary,Dropdown,4,object-5
6,1705420950160,16/01/2024 16:02:30,1705402950160,-5,16/01/2024 06:02:30,154938,3,questionnaire-8v2c,,34257272,BLIND,10118261,,complete,edhfnf,,computer,Desktop or Laptop,Mac OS 10.15.7,Chrome 120.0.0.0,1536x960,1536x744,,,0,welcomeAndConsent,13,AB,1,,,,,5,,END,,,,,
1,1705420996456,16/01/2024 16:03:16,1705395796456,-7,16/01/2024 02:03:16,154938,3,questionnaire-8v2c,,34257294,BLIND,10118268,,complete,lkqohq,,computer,Desktop or Laptop,Windows 10,Chrome 120.0.0.0,1538x728,1536x726,,,0,welcomeAndConsent,13,BA,1,,,,,5,,BEGIN,,,,,
2,1705421083763,16/01/2024 16:04:43,1705395883763,-7,16/01/2024 02:04:43,154938,3,questionnaire-8v2c,,34257294,BLIND,10118268,,complete,lkqohq,,computer,Desktop or Laptop,Windows 10,Chrome 120.0.0.0,1538x728,1536x726,,,0,welcomeAndConsent,13,BA,1,Page 1,4txcqs,1,What is your age?,response,value,40,,,Number Entry,3,object-4
3,1705421083764,16/01/2024 16:04:43,1705395883764,-7,16/01/2024 02:04:43,154938,3,questionnaire-8v2c,,34257294,BLIND,10118268,,complete,lkqohq,,computer,Desktop or Laptop,Windows 10,Chrome 120.0.0.0,1538x728,1536x726,,,0,welcomeAndConsent,13,BA,1,Page 1,4txcqs,1,What is your gender?,response,value,Male,,Male|Female|Non-Binary,Dropdown,4,object-5
4,1705421083764,16/01/2024 16:04:43,1705395883764,-7,16/01/2024 02:04:43,154938,3,questionnaire-8v2c,,34257294,BLIND,10118268,,complete,lkqohq,,computer,Desktop or Laptop,Windows 10,Chrome 120.0.0.0,1538x728,1536x726,,,0,welcomeAndConsent,13,BA,1,Page 1,4txcqs,1,What is your gender?,response,quantised,1,,Male|Female|Non-Binary,Dropdown,4,object-5
5,1705421083764,16/01/2024 16:04:43,1705395883764,-7,16/01/2024 02:04:43,154938,3,questionnaire-8v2c,,34257294,BLIND,10118268,,complete,lkqohq,,computer,Desktop or Laptop,Windows 10,Chrome 120.0.0.0,1538x728,1536x726,,,0,welcomeAndConsent,13,BA,1,Page 1,4txcqs,1,"If you have read the information above and agree to participate with the understanding that the data you submit will be processed accordingly, please tick the box below to start.",response,Do you agree?-yes,1,,Do you agree?,Consent Form,5,object-6
6,1705421083764,16/01/2024 16:04:43,1705395883764,-7,16/01/2024 02:04:43,154938,3,questionnaire-8v2c,,34257294,BLIND,10118268,,complete,lkqohq,,computer,Desktop or Laptop,Windows 10,Chrome 120.0.0.0,1538x728,1536x726,,,0,welcomeAndConsent,13,BA,1,,,,,5,,END,,,,,
1,1705421167511,16/01/2024 16:06:07,1705403167511,-5,16/01/2024 06:06:07,154938,3,questionnaire-8v2c,,34257369,BLIND,10118299,,complete,tcjsxw,,computer,Desktop or Laptop,Windows 10,Chrome 120.0.0.0,1366x768,1707x748,,,0,welcomeAndConsent,13,AB,2,,,,,5,,BEGIN,,,,,
2,1705421182768,16/01/2024 16:06:22,1705403182768,-5,16/01/2024 06:06:22,154938,3,questionnaire-8v2c,,34257369,BLIND,10118299,,complete,tcjsxw,,computer,Desktop or Laptop,Windows 10,Chrome 120.0.0.0,1366x768,1707x748,,,0,welcomeAndConsent,13,AB,2,Page 1,4txcqs,1,What is your age?,response,value,39,,,Number Entry,3,object-4
3,1705421182768,16/01/2024 16:06:22,1705403182768,-5,16/01/2024 06:06:22,154938,3,questionnaire-8v2c,,34257369,BLIND,10118299,,complete,tcjsxw,,computer,Desktop or Laptop,Windows 10,Chrome 120.0.0.0,1366x768,1707x748,,,0,welcomeAndConsent,13,AB,2,Page 1,4txcqs,1,What is your gender?,response,value,Female,,Male|Female|Non-Binary,Dropdown,4,object-5
4,1705421182768,16/01/2024 16:06:22,1705403182768,-5,16/01/2024 06:06:22,154938,3,questionnaire-8v2c,,34257369,BLIND,10118299,,complete,tcjsxw,,computer,Desktop or Laptop,Windows 10,Chrome 120.0.0.0,1366x768,1707x748,,,0,welcomeAndConsent,13,AB,2,Page 1,4txcqs,1,What is your gender?,response,quantised,2,,Male|Female|Non-Binary,Dropdown,4,object-5
5,1705421182768,16/01/2024 16:06:22,1705403182768,-5,16/01/2024 06:06:22,154938,3,questionnaire-8v2c,,34257369,BLIND,10118299,,complete,tcjsxw,,computer,Desktop or Laptop,Windows 10,Chrome 120.0.0.0,1366x768,1707x748,,,0,welcomeAndConsent,13,AB,2,Page 1,4txcqs,1,"If you have read the information above and agree to participate with the understanding that the data you submit will be processed accordingly, please tick the box below to start.",response,Do you agree?-yes,1,,Do you agree?,Consent Form,5,object-6
6,1705421182769,16/01/2024 16:06:22,1705403182769,-5,16/01/2024 06:06:22,154938,3,questionnaire-8v2c,,34257369,BLIND,10118299,,complete,tcjsxw,,computer,Desktop or Laptop,Windows 10,Chrome 120.0.0.0,1366x768,1707x748,,,0,welcomeAndConsent,13,AB,2,,,,,5,,END,,,,,
1,1705419801395,16/01/2024 15:43:21,1705394601395,-7,16/01/2024 01:43:21,154938,3,questionnaire-8v2c,,34256672,BLIND,10118016,,complete,zchlsn,,computer,Desktop or Laptop,Windows 7,Firefox 115.0,1920x1080,1920x927,,,0,welcomeAndConsent,13,AB,2,,,,,5,,BEGIN,,,,,
2,1705419865815,16/01/2024 15:44:25,1705394665815,-7,16/01/2024 01:44:25,154938,3,questionnaire-8v2c,,34256672,BLIND,10118016,,complete,zchlsn,,computer,Desktop or Laptop,Windows 7,Firefox 115.0,1920x1080,1920x927,,,0,welcomeAndConsent,13,AB,2,Page 1,4txcqs,1,What is your age?,response,value,31,,,Number Entry,3,object-4
3,1705419865815,16/01/2024 15:44:25,1705394665815,-7,16/01/2024 01:44:25,154938,3,questionnaire-8v2c,,34256672,BLIND,10118016,,complete,zchlsn,,computer,Desktop or Laptop,Windows 7,Firefox 115.0,1920x1080,1920x927,,,0,welcomeAndConsent,13,AB,2,Page 1,4txcqs,1,What is your gender?,response,value,Male,,Male|Female|Non-Binary,Dropdown,4,object-5
4,1705419865815,16/01/2024 15:44:25,1705394665815,-7,16/01/2024 01:44:25,154938,3,questionnaire-8v2c,,34256672,BLIND,10118016,,complete,zchlsn,,computer,Desktop or Laptop,Windows 7,Firefox 115.0,1920x1080,1920x927,,,0,welcomeAndConsent,13,AB,2,Page 1,4txcqs,1,What is your gender?,response,quantised,1,,Male|Female|Non-Binary,Dropdown,4,object-5
5,1705419865815,16/01/2024 15:44:25,1705394665815,-7,16/01/2024 01:44:25,154938,3,questionnaire-8v2c,,34256672,BLIND,10118016,,complete,zchlsn,,computer,Desktop or Laptop,Windows 7,Firefox 115.0,1920x1080,1920x927,,,0,welcomeAndConsent,13,AB,2,Page 1,4txcqs,1,"If you have read the information above and agree to participate with the understanding that the data you submit will be processed accordingly, please tick the box below to start.",response,Do you agree?-yes,1,,Do you agree?,Consent Form,5,object-6
6,1705419865815,16/01/2024 15:44:25,1705394665815,-7,16/01/2024 01:44:25,154938,3,questionnaire-8v2c,,34256672,BLIND,10118016,,complete,zchlsn,,computer,Desktop or Laptop,Windows 7,Firefox 115.0,1920x1080,1920x927,,,0,welcomeAndConsent,13,AB,2,,,,,5,,END,,,,,
1,1705419385877,16/01/2024 15:36:25,1705401385877,-5,16/01/2024 05:36:25,154938,3,questionnaire-8v2c,,34256420,BLIND,10117912,,complete,udcqvg,,computer,Desktop or Laptop,Windows 10,Chrome 120.0.0.0,1366x768,1366x679,,,0,welcomeAndConsent,13,BA,2,,,,,5,,BEGIN,,,,,
2,1705419468469,16/01/2024 15:37:48,1705401468469,-5,16/01/2024 05:37:48,154938,3,questionnaire-8v2c,,34256420,BLIND,10117912,,complete,udcqvg,,computer,Desktop or Laptop,Windows 10,Chrome 120.0.0.0,1366x768,1366x679,,,0,welcomeAndConsent,13,BA,2,Page 1,4txcqs,1,What is your age?,response,value,47,,,Number Entry,3,object-4
3,1705419468470,16/01/2024 15:37:48,1705401468470,-5,16/01/2024 05:37:48,154938,3,questionnaire-8v2c,,34256420,BLIND,10117912,,complete,udcqvg,,computer,Desktop or Laptop,Windows 10,Chrome 120.0.0.0,1366x768,1366x679,,,0,welcomeAndConsent,13,BA,2,Page 1,4txcqs,1,What is your gender?,response,value,Male,,Male|Female|Non-Binary,Dropdown,4,object-5
4,1705419468470,16/01/2024 15:37:48,1705401468470,-5,16/01/2024 05:37:48,154938,3,questionnaire-8v2c,,34256420,BLIND,10117912,,complete,udcqvg,,computer,Desktop or Laptop,Windows 10,Chrome 120.0.0.0,1366x768,1366x679,,,0,welcomeAndConsent,13,BA,2,Page 1,4txcqs,1,What is your gender?,response,quantised,1,,Male|Female|Non-Binary,Dropdown,4,object-5
5,1705419468470,16/01/2024 15:37:48,1705401468470,-5,16/01/2024 05:37:48,154938,3,questionnaire-8v2c,,34256420,BLIND,10117912,,complete,udcqvg,,computer,Desktop or Laptop,Windows 10,Chrome 120.0.0.0,1366x768,1366x679,,,0,welcomeAndConsent,13,BA,2,Page 1,4txcqs,1,"If you have read the information above and agree to participate with the understanding that the data you submit will be processed accordingly, please tick the box below to start.",response,Do you agree?-yes,1,,Do you agree?,Consent Form,5,object-6
6,1705419468471,16/01/2024 15:37:48,1705401468471,-5,16/01/2024 05:37:48,154938,3,questionnaire-8v2c,,34256420,BLIND,10117912,,complete,udcqvg,,computer,Desktop or Laptop,Windows 10,Chrome 120.0.0.0,1366x768,1366x679,,,0,welcomeAndConsent,13,BA,2,,,,,5,,END,,,,,
1,1705418937813,16/01/2024 15:28:57,1705418937813,0,16/01/2024 15:28:57,154938,3,questionnaire-8v2c,,34256044,BLIND,10117760,,complete,hkeibx,,computer,Desktop or Laptop,Windows 10,Firefox 121.0,1920x937,1920x937,,,0,welcomeAndConsent,13,BA,2,,,,,5,,BEGIN,,,,,
2,1705418951796,16/01/2024 15:29:11,1705418951796,0,16/01/2024 15:29:11,154938,3,questionnaire-8v2c,,34256044,BLIND,10117760,,complete,hkeibx,,computer,Desktop or Laptop,Windows 10,Firefox 121.0,1920x937,1920x937,,,0,welcomeAndConsent,13,BA,2,Page 1,4txcqs,1,What is your age?,response,value,34,,,Number Entry,3,object-4
3,1705418951796,16/01/2024 15:29:11,1705418951796,0,16/01/2024 15:29:11,154938,3,questionnaire-8v2c,,34256044,BLIND,10117760,,complete,hkeibx,,computer,Desktop or Laptop,Windows 10,Firefox 121.0,1920x937,1920x937,,,0,welcomeAndConsent,13,BA,2,Page 1,4txcqs,1,What is your gender?,response,value,Male,,Male|Female|Non-Binary,Dropdown,4,object-5
4,1705418951796,16/01/2024 15:29:11,1705418951796,0,16/01/2024 15:29:11,154938,3,questionnaire-8v2c,,34256044,BLIND,10117760,,complete,hkeibx,,computer,Desktop or Laptop,Windows 10,Firefox 121.0,1920x937,1920x937,,,0,welcomeAndConsent,13,BA,2,Page 1,4txcqs,1,What is your gender?,response,quantised,1,,Male|Female|Non-Binary,Dropdown,4,object-5
5,1705418951796,16/01/2024 15:29:11,1705418951796,0,16/01/2024 15:29:11,154938,3,questionnaire-8v2c,,34256044,BLIND,10117760,,complete,hkeibx,,computer,Desktop or Laptop,Windows 10,Firefox 121.0,1920x937,1920x937,,,0,welcomeAndConsent,13,BA,2,Page 1,4txcqs,1,"If you have read the information above and agree to participate with the understanding that the data you submit will be processed accordingly, please tick the box below to start.",response,Do you agree?-yes,1,,Do you agree?,Consent Form,5,object-6
6,1705418951796,16/01/2024 15:29:11,1705418951796,0,16/01/2024 15:29:11,154938,3,questionnaire-8v2c,,34256044,BLIND,10117760,,complete,hkeibx,,computer,Desktop or Laptop,Windows 10,Firefox 121.0,1920x937,1920x937,,,0,welcomeAndConsent,13,BA,2,,,,,5,,END,,,,,
1,1705417844577,16/01/2024 15:10:44,1705399844577,-5,16/01/2024 05:10:44,154938,3,questionnaire-8v2c,,34254776,BLIND,10117352,,complete,tgfqkt,,computer,Desktop or Laptop,Windows 10,Chrome 120.0.0.0,1920x1080,1920x919,,,0,welcomeAndConsent,13,AB,1,,,,,5,,BEGIN,,,,,
2,1705417858272,16/01/2024 15:10:58,1705399858272,-5,16/01/2024 05:10:58,154938,3,questionnaire-8v2c,,34254776,BLIND,10117352,,complete,tgfqkt,,computer,Desktop or Laptop,Windows 10,Chrome 120.0.0.0,1920x1080,1920x919,,,0,welcomeAndConsent,13,AB,1,Page 1,4txcqs,1,"If you have read the information above and agree to participate with the understanding that the data you submit will be processed accordingly, please tick the box below to start.",response,Do you agree?-yes,1,,Do you agree?,Consent Form,5,object-6
3,1705417858272,16/01/2024 15:10:58,1705399858272,-5,16/01/2024 05:10:58,154938,3,questionnaire-8v2c,,34254776,BLIND,10117352,,complete,tgfqkt,,computer,Desktop or Laptop,Windows 10,Chrome 120.0.0.0,1920x1080,1920x919,,,0,welcomeAndConsent,13,AB,1,Page 1,4txcqs,1,What is your age?,response,value,36,,,Number Entry,3,object-4
4,1705417858272,16/01/2024 15:10:58,1705399858272,-5,16/01/2024 05:10:58,154938,3,questionnaire-8v2c,,34254776,BLIND,10117352,,complete,tgfqkt,,computer,Desktop or Laptop,Windows 10,Chrome 120.0.0.0,1920x1080,1920x919,,,0,welcomeAndConsent,13,AB,1,Page 1,4txcqs,1,What is your gender?,response,value,Female,,Male|Female|Non-Binary,Dropdown,4,object-5
5,1705417858272,16/01/2024 15:10:58,1705399858272,-5,16/01/2024 05:10:58,154938,3,questionnaire-8v2c,,34254776,BLIND,10117352,,complete,tgfqkt,,computer,Desktop or Laptop,Windows 10,Chrome 120.0.0.0,1920x1080,1920x919,,,0,welcomeAndConsent,13,AB,1,Page 1,4txcqs,1,What is your gender?,response,quantised,2,,Male|Female|Non-Binary,Dropdown,4,object-5
6,1705417858272,16/01/2024 15:10:58,1705399858272,-5,16/01/2024 05:10:58,154938,3,questionnaire-8v2c,,34254776,BLIND,10117352,,complete,tgfqkt,,computer,Desktop or Laptop,Windows 10,Chrome 120.0.0.0,1920x1080,1920x919,,,0,welcomeAndConsent,13,AB,1,,,,,5,,END,,,,,
1,1705417299761,16/01/2024 15:01:39,1705388499761,-8,15/01/2024 23:01:39,154938,3,questionnaire-8v2c,,34254491,BLIND,10117266,,complete,mogndj,,computer,Desktop or Laptop,Windows 10,Chrome 120.0.0.0,2560x1440,1277x1312,,,0,welcomeAndConsent,13,BA,1,,,,,5,,BEGIN,,,,,
2,1705417327778,16/01/2024 15:02:07,1705388527778,-8,15/01/2024 23:02:07,154938,3,questionnaire-8v2c,,34254491,BLIND,10117266,,complete,mogndj,,computer,Desktop or Laptop,Windows 10,Chrome 120.0.0.0,2560x1440,1277x1312,,,0,welcomeAndConsent,13,BA,1,Page 1,4txcqs,1,What is your age?,response,value,33,,,Number Entry,3,object-4
3,1705417327778,16/01/2024 15:02:07,1705388527778,-8,15/01/2024 23:02:07,154938,3,questionnaire-8v2c,,34254491,BLIND,10117266,,complete,mogndj,,computer,Desktop or Laptop,Windows 10,Chrome 120.0.0.0,2560x1440,1277x1312,,,0,welcomeAndConsent,13,BA,1,Page 1,4txcqs,1,What is your gender?,response,value,Male,,Male|Female|Non-Binary,Dropdown,4,object-5
4,1705417327778,16/01/2024 15:02:07,1705388527778,-8,15/01/2024 23:02:07,154938,3,questionnaire-8v2c,,34254491,BLIND,10117266,,complete,mogndj,,computer,Desktop or Laptop,Windows 10,Chrome 120.0.0.0,2560x1440,1277x1312,,,0,welcomeAndConsent,13,BA,1,Page 1,4txcqs,1,What is your gender?,response,quantised,1,,Male|Female|Non-Binary,Dropdown,4,object-5
5,1705417327778,16/01/2024 15:02:07,1705388527778,-8,15/01/2024 23:02:07,154938,3,questionnaire-8v2c,,34254491,BLIND,10117266,,complete,mogndj,,computer,Desktop or Laptop,Windows 10,Chrome 120.0.0.0,2560x1440,1277x1312,,,0,welcomeAndConsent,13,BA,1,Page 1,4txcqs,1,"If you have read the information above and agree to participate with the understanding that the data you submit will be processed accordingly, please tick the box below to start.",response,Do you agree?-yes,1,,Do you agree?,Consent Form,5,object-6
6,1705417327779,16/01/2024 15:02:07,1705388527779,-8,15/01/2024 23:02:07,154938,3,questionnaire-8v2c,,34254491,BLIND,10117266,,complete,mogndj,,computer,Desktop or Laptop,Windows 10,Chrome 120.0.0.0,2560x1440,1277x1312,,,0,welcomeAndConsent,13,BA,1,,,,,5,,END,,,,,
1,1705416671862,16/01/2024 14:51:11,1705398671862,-5,16/01/2024 04:51:11,154938,3,questionnaire-8v2c,,34254103,BLIND,10117171,,complete,vskkpq,,tablet,undefined K,Android 10,Chrome 120.0.0.0,1494x935,1494x767,,,0,welcomeAndConsent,13,AB,1,,,,,5,,BEGIN,,,,,
2,1705416751534,16/01/2024 14:52:31,1705398751534,-5,16/01/2024 04:52:31,154938,3,questionnaire-8v2c,,34254103,BLIND,10117171,,complete,vskkpq,,tablet,undefined K,Android 10,Chrome 120.0.0.0,1494x935,1494x767,,,0,welcomeAndConsent,13,AB,1,Page 1,4txcqs,1,What is your age?,response,value,34,,,Number Entry,3,object-4
3,1705416751535,16/01/2024 14:52:31,1705398751535,-5,16/01/2024 04:52:31,154938,3,questionnaire-8v2c,,34254103,BLIND,10117171,,complete,vskkpq,,tablet,undefined K,Android 10,Chrome 120.0.0.0,1494x935,1494x767,,,0,welcomeAndConsent,13,AB,1,Page 1,4txcqs,1,What is your gender?,response,value,Male,,Male|Female|Non-Binary,Dropdown,4,object-5
4,1705416751535,16/01/2024 14:52:31,1705398751535,-5,16/01/2024 04:52:31,154938,3,questionnaire-8v2c,,34254103,BLIND,10117171,,complete,vskkpq,,tablet,undefined K,Android 10,Chrome 120.0.0.0,1494x935,1494x767,,,0,welcomeAndConsent,13,AB,1,Page 1,4txcqs,1,What is your gender?,response,quantised,1,,Male|Female|Non-Binary,Dropdown,4,object-5
5,1705416751535,16/01/2024 14:52:31,1705398751535,-5,16/01/2024 04:52:31,154938,3,questionnaire-8v2c,,34254103,BLIND,10117171,,complete,vskkpq,,tablet,undefined K,Android 10,Chrome 120.0.0.0,1494x935,1494x767,,,0,welcomeAndConsent,13,AB,1,Page 1,4txcqs,1,"If you have read the information above and agree to participate with the understanding that the data you submit will be processed accordingly, please tick the box below to start.",response,Do you agree?-yes,1,,Do you agree?,Consent Form,5,object-6
6,1705416751535,16/01/2024 14:52:31,1705398751535,-5,16/01/2024 04:52:31,154938,3,questionnaire-8v2c,,34254103,BLIND,10117171,,complete,vskkpq,,tablet,undefined K,Android 10,Chrome 120.0.0.0,1494x935,1494x767,,,0,welcomeAndConsent,13,AB,1,,,,,5,,END,,,,,
1,1705416649980,16/01/2024 14:50:49,1705398649980,-5,16/01/2024 04:50:49,154938,3,questionnaire-8v2c,,34254081,BLIND,10117165,,complete,phxfmn,,computer,Desktop or Laptop,Chromium OS 14541.0.0,Chrome 118.0.0.0,1138x639,1264x711,,,0,welcomeAndConsent,13,AB,2,,,,,5,,BEGIN,,,,,
2,1705416665455,16/01/2024 14:51:05,1705398665455,-5,16/01/2024 04:51:05,154938,3,questionnaire-8v2c,,34254081,BLIND,10117165,,complete,phxfmn,,computer,Desktop or Laptop,Chromium OS 14541.0.0,Chrome 118.0.0.0,1138x639,1264x711,,,0,welcomeAndConsent,13,AB,2,Page 1,4txcqs,1,What is your age?,response,value,32,,,Number Entry,3,object-4
3,1705416665455,16/01/2024 14:51:05,1705398665455,-5,16/01/2024 04:51:05,154938,3,questionnaire-8v2c,,34254081,BLIND,10117165,,complete,phxfmn,,computer,Desktop or Laptop,Chromium OS 14541.0.0,Chrome 118.0.0.0,1138x639,1264x711,,,0,welcomeAndConsent,13,AB,2,Page 1,4txcqs,1,What is your gender?,response,value,Male,,Male|Female|Non-Binary,Dropdown,4,object-5
4,1705416665456,16/01/2024 14:51:05,1705398665456,-5,16/01/2024 04:51:05,154938,3,questionnaire-8v2c,,34254081,BLIND,10117165,,complete,phxfmn,,computer,Desktop or Laptop,Chromium OS 14541.0.0,Chrome 118.0.0.0,1138x639,1264x711,,,0,welcomeAndConsent,13,AB,2,Page 1,4txcqs,1,What is your gender?,response,quantised,1,,Male|Female|Non-Binary,Dropdown,4,object-5
5,1705416665456,16/01/2024 14:51:05,1705398665456,-5,16/01/2024 04:51:05,154938,3,questionnaire-8v2c,,34254081,BLIND,10117165,,complete,phxfmn,,computer,Desktop or Laptop,Chromium OS 14541.0.0,Chrome 118.0.0.0,1138x639,1264x711,,,0,welcomeAndConsent,13,AB,2,Page 1,4txcqs,1,"If you have read the information above and agree to participate with the understanding that the data you submit will be processed accordingly, please tick the box below to start.",response,Do you agree?-yes,1,,Do you agree?,Consent Form,5,object-6
6,1705416665457,16/01/2024 14:51:05,1705398665457,-5,16/01/2024 04:51:05,154938,3,questionnaire-8v2c,,34254081,BLIND,10117165,,complete,phxfmn,,computer,Desktop or Laptop,Chromium OS 14541.0.0,Chrome 118.0.0.0,1138x639,1264x711,,,0,welcomeAndConsent,13,AB,2,,,,,5,,END,,,,,
1,1705416589061,16/01/2024 14:49:49,1705398589061,-5,16/01/2024 04:49:49,154938,3,questionnaire-8v2c,,34254030,BLIND,10117150,,complete,gxslbj,,computer,Desktop or Laptop,Windows 10,Chrome 120.0.0.0,1628x916,1629x754,,,0,welcomeAndConsent,13,BA,1,,,,,5,,BEGIN,,,,,
2,1705416617367,16/01/2024 14:50:17,1705398617367,-5,16/01/2024 04:50:17,154938,3,questionnaire-8v2c,,34254030,BLIND,10117150,,complete,gxslbj,,computer,Desktop or Laptop,Windows 10,Chrome 120.0.0.0,1628x916,1629x754,,,0,welcomeAndConsent,13,BA,1,Page 1,4txcqs,1,What is your age?,response,value,38,,,Number Entry,3,object-4
3,1705416617367,16/01/2024 14:50:17,1705398617367,-5,16/01/2024 04:50:17,154938,3,questionnaire-8v2c,,34254030,BLIND,10117150,,complete,gxslbj,,computer,Desktop or Laptop,Windows 10,Chrome 120.0.0.0,1628x916,1629x754,,,0,welcomeAndConsent,13,BA,1,Page 1,4txcqs,1,What is your gender?,response,value,Female,,Male|Female|Non-Binary,Dropdown,4,object-5
4,1705416617367,16/01/2024 14:50:17,1705398617367,-5,16/01/2024 04:50:17,154938,3,questionnaire-8v2c,,34254030,BLIND,10117150,,complete,gxslbj,,computer,Desktop or Laptop,Windows 10,Chrome 120.0.0.0,1628x916,1629x754,,,0,welcomeAndConsent,13,BA,1,Page 1,4txcqs,1,What is your gender?,response,quantised,2,,Male|Female|Non-Binary,Dropdown,4,object-5
5,1705416617367,16/01/2024 14:50:17,1705398617367,-5,16/01/2024 04:50:17,154938,3,questionnaire-8v2c,,34254030,BLIND,10117150,,complete,gxslbj,,computer,Desktop or Laptop,Windows 10,Chrome 120.0.0.0,1628x916,1629x754,,,0,welcomeAndConsent,13,BA,1,Page 1,4txcqs,1,"If you have read the information above and agree to participate with the understanding that the data you submit will be processed accordingly, please tick the box below to start.",response,Do you agree?-yes,1,,Do you agree?,Consent Form,5,object-6
6,1705416617367,16/01/2024 14:50:17,1705398617367,-5,16/01/2024 04:50:17,154938,3,questionnaire-8v2c,,34254030,BLIND,10117150,,complete,gxslbj,,computer,Desktop or Laptop,Windows 10,Chrome 120.0.0.0,1628x916,1629x754,,,0,welcomeAndConsent,13,BA,1,,,,,5,,END,,,,,
1,1705416573611,16/01/2024 14:49:33,1705387773611,-8,15/01/2024 22:49:33,154938,3,questionnaire-8v2c,,34254022,BLIND,10117148,,complete,exuhkl,,computer,Desktop or Laptop,Windows 10,Chrome 120.0.0.0,2560x1080,2560x919,,,0,welcomeAndConsent,13,AB,1,,,,,5,,BEGIN,,,,,
2,1705416584273,16/01/2024 14:49:44,1705387784273,-8,15/01/2024 22:49:44,154938,3,questionnaire-8v2c,,34254022,BLIND,10117148,,complete,exuhkl,,computer,Desktop or Laptop,Windows 10,Chrome 120.0.0.0,2560x1080,2560x919,,,0,welcomeAndConsent,13,AB,1,Page 1,4txcqs,1,What is your age?,response,value,43,,,Number Entry,3,object-4
3,1705416584273,16/01/2024 14:49:44,1705387784273,-8,15/01/2024 22:49:44,154938,3,questionnaire-8v2c,,34254022,BLIND,10117148,,complete,exuhkl,,computer,Desktop or Laptop,Windows 10,Chrome 120.0.0.0,2560x1080,2560x919,,,0,welcomeAndConsent,13,AB,1,Page 1,4txcqs,1,What is your gender?,response,value,Male,,Male|Female|Non-Binary,Dropdown,4,object-5
4,1705416584273,16/01/2024 14:49:44,1705387784273,-8,15/01/2024 22:49:44,154938,3,questionnaire-8v2c,,34254022,BLIND,10117148,,complete,exuhkl,,computer,Desktop or Laptop,Windows 10,Chrome 120.0.0.0,2560x1080,2560x919,,,0,welcomeAndConsent,13,AB,1,Page 1,4txcqs,1,What is your gender?,response,quantised,1,,Male|Female|Non-Binary,Dropdown,4,object-5
5,1705416584273,16/01/2024 14:49:44,1705387784273,-8,15/01/2024 22:49:44,154938,3,questionnaire-8v2c,,34254022,BLIND,10117148,,complete,exuhkl,,computer,Desktop or Laptop,Windows 10,Chrome 120.0.0.0,2560x1080,2560x919,,,0,welcomeAndConsent,13,AB,1,Page 1,4txcqs,1,"If you have read the information above and agree to participate with the understanding that the data you submit will be processed accordingly, please tick the box below to start.",response,Do you agree?-yes,1,,Do you agree?,Consent Form,5,object-6
6,1705416584273,16/01/2024 14:49:44,1705387784273,-8,15/01/2024 22:49:44,154938,3,questionnaire-8v2c,,34254022,BLIND,10117148,,complete,exuhkl,,computer,Desktop or Laptop,Windows 10,Chrome 120.0.0.0,2560x1080,2560x919,,,0,welcomeAndConsent,13,AB,1,,,,,5,,END,,,,,
1,1705416574279,16/01/2024 14:49:34,1705394974279,-6,16/01/2024 02:49:34,154938,3,questionnaire-8v2c,,34254017,BLIND,10117147,,complete,iocdwp,,computer,Desktop or Laptop,Windows 10,Chrome 120.0.0.0,1366x768,1366x633,,,0,welcomeAndConsent,13,AB,1,,,,,5,,BEGIN,,,,,
2,1705416591113,16/01/2024 14:49:51,1705394991113,-6,16/01/2024 02:49:51,154938,3,questionnaire-8v2c,,34254017,BLIND,10117147,,complete,iocdwp,,computer,Desktop or Laptop,Windows 10,Chrome 120.0.0.0,1366x768,1366x633,,,0,welcomeAndConsent,13,AB,1,Page 1,4txcqs,1,"If you have read the information above and agree to participate with the understanding that the data you submit will be processed accordingly, please tick the box below to start.",response,Do you agree?-yes,1,,Do you agree?,Consent Form,5,object-6
3,1705416591113,16/01/2024 14:49:51,1705394991113,-6,16/01/2024 02:49:51,154938,3,questionnaire-8v2c,,34254017,BLIND,10117147,,complete,iocdwp,,computer,Desktop or Laptop,Windows 10,Chrome 120.0.0.0,1366x768,1366x633,,,0,welcomeAndConsent,13,AB,1,Page 1,4txcqs,1,What is your age?,response,value,37,,,Number Entry,3,object-4
4,1705416591113,16/01/2024 14:49:51,1705394991113,-6,16/01/2024 02:49:51,154938,3,questionnaire-8v2c,,34254017,BLIND,10117147,,complete,iocdwp,,computer,Desktop or Laptop,Windows 10,Chrome 120.0.0.0,1366x768,1366x633,,,0,welcomeAndConsent,13,AB,1,Page 1,4txcqs,1,What is your gender?,response,value,Male,,Male|Female|Non-Binary,Dropdown,4,object-5
5,1705416591114,16/01/2024 14:49:51,1705394991114,-6,16/01/2024 02:49:51,154938,3,questionnaire-8v2c,,34254017,BLIND,10117147,,complete,iocdwp,,computer,Desktop or Laptop,Windows 10,Chrome 120.0.0.0,1366x768,1366x633,,,0,welcomeAndConsent,13,AB,1,Page 1,4txcqs,1,What is your gender?,response,quantised,1,,Male|Female|Non-Binary,Dropdown,4,object-5
6,1705416591115,16/01/2024 14:49:51,1705394991115,-6,16/01/2024 02:49:51,154938,3,questionnaire-8v2c,,34254017,BLIND,10117147,,complete,iocdwp,,computer,Desktop or Laptop,Windows 10,Chrome 120.0.0.0,1366x768,1366x633,,,0,welcomeAndConsent,13,AB,1,,,,,5,,END,,,,,
1,1705416567053,16/01/2024 14:49:27,1705398567053,-5,16/01/2024 04:49:27,154938,3,questionnaire-8v2c,,34254012,BLIND,10117146,,complete,hpqlbf,,computer,Desktop or Laptop,Chromium OS 14816.131.0,Chrome 103.0.0.0,1366x768,796x641,,,0,welcomeAndConsent,13,BA,2,,,,,5,,BEGIN,,,,,
2,1705416639942,16/01/2024 14:50:39,1705398639942,-5,16/01/2024 04:50:39,154938,3,questionnaire-8v2c,,34254012,BLIND,10117146,,complete,hpqlbf,,computer,Desktop or Laptop,Chromium OS 14816.131.0,Chrome 103.0.0.0,1366x768,1366x649,,,0,welcomeAndConsent,13,BA,2,Page 1,4txcqs,1,What is your age?,response,value,48,,,Number Entry,3,object-4
3,1705416639944,16/01/2024 14:50:39,1705398639944,-5,16/01/2024 04:50:39,154938,3,questionnaire-8v2c,,34254012,BLIND,10117146,,complete,hpqlbf,,computer,Desktop or Laptop,Chromium OS 14816.131.0,Chrome 103.0.0.0,1366x768,1366x649,,,0,welcomeAndConsent,13,BA,2,Page 1,4txcqs,1,What is your gender?,response,value,Male,,Male|Female|Non-Binary,Dropdown,4,object-5
4,1705416639944,16/01/2024 14:50:39,1705398639944,-5,16/01/2024 04:50:39,154938,3,questionnaire-8v2c,,34254012,BLIND,10117146,,complete,hpqlbf,,computer,Desktop or Laptop,Chromium OS 14816.131.0,Chrome 103.0.0.0,1366x768,1366x649,,,0,welcomeAndConsent,13,BA,2,Page 1,4txcqs,1,What is your gender?,response,quantised,1,,Male|Female|Non-Binary,Dropdown,4,object-5
5,1705416639945,16/01/2024 14:50:39,1705398639945,-5,16/01/2024 04:50:39,154938,3,questionnaire-8v2c,,34254012,BLIND,10117146,,complete,hpqlbf,,computer,Desktop or Laptop,Chromium OS 14816.131.0,Chrome 103.0.0.0,1366x768,1366x649,,,0,welcomeAndConsent,13,BA,2,Page 1,4txcqs,1,"If you have read the information above and agree to participate with the understanding that the data you submit will be processed accordingly, please tick the box below to start.",response,Do you agree?-yes,1,,Do you agree?,Consent Form,5,object-6
6,1705416639951,16/01/2024 14:50:39,1705398639951,-5,16/01/2024 04:50:39,154938,3,questionnaire-8v2c,,34254012,BLIND,10117146,,complete,hpqlbf,,computer,Desktop or Laptop,Chromium OS 14816.131.0,Chrome 103.0.0.0,1366x768,1366x649,,,0,welcomeAndConsent,13,BA,2,,,,,5,,END,,,,,
1,1705416525046,16/01/2024 14:48:45,1705398525046,-5,16/01/2024 04:48:45,154938,3,questionnaire-8v2c,,34253977,BLIND,10117133,,complete,hylaps,,computer,Desktop or Laptop,Windows 10,Chrome 120.0.0.0,1310x873,1310x762,,,0,welcomeAndConsent,13,AB,1,,,,,5,,BEGIN,,,,,
2,1705416586305,16/01/2024 14:49:46,1705398586305,-5,16/01/2024 04:49:46,154938,3,questionnaire-8v2c,,34253977,BLIND,10117133,,complete,hylaps,,computer,Desktop or Laptop,Windows 10,Chrome 120.0.0.0,1310x873,1310x762,,,0,welcomeAndConsent,13,AB,1,Page 1,4txcqs,1,What is your age?,response,value,50,,,Number Entry,3,object-4
3,1705416586306,16/01/2024 14:49:46,1705398586306,-5,16/01/2024 04:49:46,154938,3,questionnaire-8v2c,,34253977,BLIND,10117133,,complete,hylaps,,computer,Desktop or Laptop,Windows 10,Chrome 120.0.0.0,1310x873,1310x762,,,0,welcomeAndConsent,13,AB,1,Page 1,4txcqs,1,What is your gender?,response,value,Female,,Male|Female|Non-Binary,Dropdown,4,object-5
4,1705416586306,16/01/2024 14:49:46,1705398586306,-5,16/01/2024 04:49:46,154938,3,questionnaire-8v2c,,34253977,BLIND,10117133,,complete,hylaps,,computer,Desktop or Laptop,Windows 10,Chrome 120.0.0.0,1310x873,1310x762,,,0,welcomeAndConsent,13,AB,1,Page 1,4txcqs,1,What is your gender?,response,quantised,2,,Male|Female|Non-Binary,Dropdown,4,object-5
5,1705416586306,16/01/2024 14:49:46,1705398586306,-5,16/01/2024 04:49:46,154938,3,questionnaire-8v2c,,34253977,BLIND,10117133,,complete,hylaps,,computer,Desktop or Laptop,Windows 10,Chrome 120.0.0.0,1310x873,1310x762,,,0,welcomeAndConsent,13,AB,1,Page 1,4txcqs,1,"If you have read the information above and agree to participate with the understanding that the data you submit will be processed accordingly, please tick the box below to start.",response,Do you agree?-yes,1,,Do you agree?,Consent Form,5,object-6
6,1705416586307,16/01/2024 14:49:46,1705398586307,-5,16/01/2024 04:49:46,154938,3,questionnaire-8v2c,,34253977,BLIND,10117133,,complete,hylaps,,computer,Desktop or Laptop,Windows 10,Chrome 120.0.0.0,1310x873,1310x762,,,0,welcomeAndConsent,13,AB,1,,,,,5,,END,,,,,
1,1705416505081,16/01/2024 14:48:25,1705398505081,-5,16/01/2024 04:48:25,154938,3,questionnaire-8v2c,,34253962,BLIND,10117128,,complete,bfekng,,computer,Desktop or Laptop,Windows 10,Chrome 121.0.0.0,1920x1080,1920x963,,,0,welcomeAndConsent,13,BA,2,,,,,5,,BEGIN,,,,,
2,1705416519645,16/01/2024 14:48:39,1705398519645,-5,16/01/2024 04:48:39,154938,3,questionnaire-8v2c,,34253962,BLIND,10117128,,complete,bfekng,,computer,Desktop or Laptop,Windows 10,Chrome 121.0.0.0,1920x1080,1920x963,,,0,welcomeAndConsent,13,BA,2,Page 1,4txcqs,1,"If you have read the information above and agree to participate with the understanding that the data you submit will be processed accordingly, please tick the box below to start.",response,Do you agree?-yes,1,,Do you agree?,Consent Form,5,object-6
3,1705416519645,16/01/2024 14:48:39,1705398519645,-5,16/01/2024 04:48:39,154938,3,questionnaire-8v2c,,34253962,BLIND,10117128,,complete,bfekng,,computer,Desktop or Laptop,Windows 10,Chrome 121.0.0.0,1920x1080,1920x963,,,0,welcomeAndConsent,13,BA,2,Page 1,4txcqs,1,What is your age?,response,value,26,,,Number Entry,3,object-4
4,1705416519645,16/01/2024 14:48:39,1705398519645,-5,16/01/2024 04:48:39,154938,3,questionnaire-8v2c,,34253962,BLIND,10117128,,complete,bfekng,,computer,Desktop or Laptop,Windows 10,Chrome 121.0.0.0,1920x1080,1920x963,,,0,welcomeAndConsent,13,BA,2,Page 1,4txcqs,1,What is your gender?,response,value,Male,,Male|Female|Non-Binary,Dropdown,4,object-5
5,1705416519646,16/01/2024 14:48:39,1705398519646,-5,16/01/2024 04:48:39,154938,3,questionnaire-8v2c,,34253962,BLIND,10117128,,complete,bfekng,,computer,Desktop or Laptop,Windows 10,Chrome 121.0.0.0,1920x1080,1920x963,,,0,welcomeAndConsent,13,BA,2,Page 1,4txcqs,1,What is your gender?,response,quantised,1,,Male|Female|Non-Binary,Dropdown,4,object-5
6,1705416519646,16/01/2024 14:48:39,1705398519646,-5,16/01/2024 04:48:39,154938,3,questionnaire-8v2c,,34253962,BLIND,10117128,,complete,bfekng,,computer,Desktop or Laptop,Windows 10,Chrome 121.0.0.0,1920x1080,1920x963,,,0,welcomeAndConsent,13,BA,2,,,,,5,,END,,,,,
1,1705416505037,16/01/2024 14:48:25,1705387705037,-8,15/01/2024 22:48:25,154938,3,questionnaire-8v2c,,34253959,BLIND,10117126,,complete,qhdjju,,computer,Desktop or Laptop,Chromium OS 14541.0.0,Chrome 120.0.0.0,1396x785,1746x771,,,0,welcomeAndConsent,13,BA,1,,,,,5,,BEGIN,,,,,
2,1705416576657,16/01/2024 14:49:36,1705387776657,-8,15/01/2024 22:49:36,154938,3,questionnaire-8v2c,,34253959,BLIND,10117126,,complete,qhdjju,,computer,Desktop or Laptop,Chromium OS 14541.0.0,Chrome 120.0.0.0,1396x785,1746x771,,,0,welcomeAndConsent,13,BA,1,Page 1,4txcqs,1,What is your age?,response,value,36,,,Number Entry,3,object-4
3,1705416576657,16/01/2024 14:49:36,1705387776657,-8,15/01/2024 22:49:36,154938,3,questionnaire-8v2c,,34253959,BLIND,10117126,,complete,qhdjju,,computer,Desktop or Laptop,Chromium OS 14541.0.0,Chrome 120.0.0.0,1396x785,1746x771,,,0,welcomeAndConsent,13,BA,1,Page 1,4txcqs,1,What is your gender?,response,value,Male,,Male|Female|Non-Binary,Dropdown,4,object-5
4,1705416576657,16/01/2024 14:49:36,1705387776657,-8,15/01/2024 22:49:36,154938,3,questionnaire-8v2c,,34253959,BLIND,10117126,,complete,qhdjju,,computer,Desktop or Laptop,Chromium OS 14541.0.0,Chrome 120.0.0.0,1396x785,1746x771,,,0,welcomeAndConsent,13,BA,1,Page 1,4txcqs,1,What is your gender?,response,quantised,1,,Male|Female|Non-Binary,Dropdown,4,object-5
5,1705416576658,16/01/2024 14:49:36,1705387776658,-8,15/01/2024 22:49:36,154938,3,questionnaire-8v2c,,34253959,BLIND,10117126,,complete,qhdjju,,computer,Desktop or Laptop,Chromium OS 14541.0.0,Chrome 120.0.0.0,1396x785,1746x771,,,0,welcomeAndConsent,13,BA,1,Page 1,4txcqs,1,"If you have read the information above and agree to participate with the understanding that the data you submit will be processed accordingly, please tick the box below to start.",response,Do you agree?-yes,1,,Do you agree?,Consent Form,5,object-6
6,1705416576658,16/01/2024 14:49:36,1705387776658,-8,15/01/2024 22:49:36,154938,3,questionnaire-8v2c,,34253959,BLIND,10117126,,complete,qhdjju,,computer,Desktop or Laptop,Chromium OS 14541.0.0,Chrome 120.0.0.0,1396x785,1746x771,,,0,welcomeAndConsent,13,BA,1,,,,,5,,END,,,,,
1,1705416496105,16/01/2024 14:48:16,1705398496105,-5,16/01/2024 04:48:16,154938,3,questionnaire-8v2c,,34253955,BLIND,10117124,,complete,gcjant,,computer,Desktop or Laptop,Windows 10,Chrome 120.0.0.0,1920x1080,1920x945,,,0,welcomeAndConsent,13,AB,2,,,,,5,,BEGIN,,,,,
2,1705416506712,16/01/2024 14:48:26,1705398506712,-5,16/01/2024 04:48:26,154938,3,questionnaire-8v2c,,34253955,BLIND,10117124,,complete,gcjant,,computer,Desktop or Laptop,Windows 10,Chrome 120.0.0.0,1920x1080,1920x945,,,0,welcomeAndConsent,13,AB,2,Page 1,4txcqs,1,What is your age?,response,value,33,,,Number Entry,3,object-4
3,1705416506712,16/01/2024 14:48:26,1705398506712,-5,16/01/2024 04:48:26,154938,3,questionnaire-8v2c,,34253955,BLIND,10117124,,complete,gcjant,,computer,Desktop or Laptop,Windows 10,Chrome 120.0.0.0,1920x1080,1920x945,,,0,welcomeAndConsent,13,AB,2,Page 1,4txcqs,1,What is your gender?,response,value,Female,,Male|Female|Non-Binary,Dropdown,4,object-5
4,1705416506712,16/01/2024 14:48:26,1705398506712,-5,16/01/2024 04:48:26,154938,3,questionnaire-8v2c,,34253955,BLIND,10117124,,complete,gcjant,,computer,Desktop or Laptop,Windows 10,Chrome 120.0.0.0,1920x1080,1920x945,,,0,welcomeAndConsent,13,AB,2,Page 1,4txcqs,1,What is your gender?,response,quantised,2,,Male|Female|Non-Binary,Dropdown,4,object-5
5,1705416506712,16/01/2024 14:48:26,1705398506712,-5,16/01/2024 04:48:26,154938,3,questionnaire-8v2c,,34253955,BLIND,10117124,,complete,gcjant,,computer,Desktop or Laptop,Windows 10,Chrome 120.0.0.0,1920x1080,1920x945,,,0,welcomeAndConsent,13,AB,2,Page 1,4txcqs,1,"If you have read the information above and agree to participate with the understanding that the data you submit will be processed accordingly, please tick the box below to start.",response,Do you agree?-yes,1,,Do you agree?,Consent Form,5,object-6
6,1705416506713,16/01/2024 14:48:26,1705398506713,-5,16/01/2024 04:48:26,154938,3,questionnaire-8v2c,,34253955,BLIND,10117124,,complete,gcjant,,computer,Desktop or Laptop,Windows 10,Chrome 120.0.0.0,1920x1080,1920x945,,,0,welcomeAndConsent,13,AB,2,,,,,5,,END,,,,,
END OF FILE
