Event Index,UTC Timestamp,UTC Date and Time,Local Timestamp,Local Timezone,Local Date and Time,Experiment ID,Experiment Version,Tree Node Key,Repeat Key,Schedule ID,Participant Public ID,Participant Private ID,Participant Starting Group,Participant Status,Participant Completion Code,Participant External Session ID,Participant Device Type,Participant Device,Participant OS,Participant Browser,Participant Monitor Size,Participant Viewport Size,Checkpoint,Room ID,Room Order,Task Name,Task Version,randomiser-czhu,order-m1q4,Spreadsheet,Trial Number,Display,Screen,Screen ID,Screen Counter,Response Type,Response,Onset Time,Clock Time,Reaction Time,Absolute Onset Time,Absolute Clock Time,Absolute Reaction Time,Correct,Response Onset,Response Duration,Proportion,Tag,Component Name,Object Name,Object Number,Object ID,Spreadsheet: display,Manipulation: Spreadsheet
1,1706883952464,02/02/2024 14:25:52,1706865952464,-5,02/02/2024 04:25:52,163181,2,task-vjth,,34734220,BLIND,10269305,,complete,rcmfzw,,computer,Desktop or Laptop,Windows 10,Chrome 121.0.0.0,1920x1200,1920x1073,,,0,Task (Counterbalance A),1,A_1PatAnx_2AlexNorm,BA,chat2,,,,,,5,BEGIN,,,,,,,0,,,,,,,,,,
2,1706883954882,02/02/2024 14:25:54,1706865954882,-5,02/02/2024 04:25:54,163181,2,task-vjth,,34734220,BLIND,10269305,,complete,rcmfzw,,computer,Desktop or Laptop,Windows 10,Chrome 121.0.0.0,1920x1200,1920x1073,,,0,Task (Counterbalance A),1,A_1PatAnx_2AlexNorm,BA,chat2,1,chat2,Screen 2,o6hbif,1,continue,,2418.5999999999767,2418.5999999999767,2418.5999999999767,2418.5999999999767,2418.5999999999767,2418.5999999999767,1,2418.5999999999767,0,0,,Click To Continue,Continue Button,2,object-67,chat2,
3,1706884742773,02/02/2024 14:39:02,1706866742773,-5,02/02/2024 04:39:02,163181,2,task-vjth,,34734220,BLIND,10269305,,complete,rcmfzw,,computer,Desktop or Laptop,Windows 10,Chrome 121.0.0.0,1920x1200,1920x1073,,,0,Task (Counterbalance A),1,A_1PatAnx_2AlexNorm,BA,chat2,1,chat2,Screen 1,xvlh72,2,continue,,787876.1000000001,787876.1000000001,787876.1000000001,787876.1000000001,787876.1000000001,787876.1000000001,1,787876.1000000001,0,0,,Click To Continue,Completed button,2,object-74,chat2,
4,1706884751305,02/02/2024 14:39:11,1706866751305,-5,02/02/2024 04:39:11,163181,2,task-vjth,,34734220,BLIND,10269305,,complete,rcmfzw,,computer,Desktop or Laptop,Windows 10,Chrome 121.0.0.0,1920x1200,1920x1073,,,0,Task (Counterbalance A),1,A_1PatAnx_2AlexNorm,BA,chat2,1,completionCode2,Screen 1,vdaeaw,1,response,2790,6839,8557,8557,6839,8557,8557,1,6839,1718,0,,Single Text Entry,Single Text Entry,1,object-84,completionCode2,
5,1706884751305,02/02/2024 14:39:11,1706866751305,-5,02/02/2024 04:39:11,163181,2,task-vjth,,34734220,BLIND,10269305,,complete,rcmfzw,,computer,Desktop or Laptop,Windows 10,Chrome 121.0.0.0,1920x1200,1920x1073,,,0,Task (Counterbalance A),1,A_1PatAnx_2AlexNorm,BA,chat2,,,,,,5,END,,,,,,,0,,,,,,,,,,
1,1706887473510,02/02/2024 15:24:33,1706858673510,-8,01/02/2024 23:24:33,163181,2,task-vjth,,34739053,BLIND,10270371,,complete,uvsssn,,computer,Desktop or Laptop,Chromium OS 14541.0.0,Chrome 116.0.0.0,1366x768,1366x768,,,0,Task (Counterbalance A),1,A_1PatAnx_2AlexNorm,BA,chat2,,,,,,5,BEGIN,,,,,,,0,,,,,,,,,,
2,1706887476693,02/02/2024 15:24:36,1706858676693,-8,01/02/2024 23:24:36,163181,2,task-vjth,,34739053,BLIND,10270371,,complete,uvsssn,,computer,Desktop or Laptop,Chromium OS 14541.0.0,Chrome 116.0.0.0,1366x768,1366x768,,,0,Task (Counterbalance A),1,A_1PatAnx_2AlexNorm,BA,chat2,1,chat2,Screen 2,o6hbif,1,continue,,3183.4590000000317,3183.4590000000317,3183.4590000000317,3183.4590000000317,3183.4590000000317,3183.4590000000317,1,3183.4590000000317,0,0,,Click To Continue,Continue Button,2,object-67,chat2,
3,1706888200560,02/02/2024 15:36:40,1706859400560,-8,01/02/2024 23:36:40,163181,2,task-vjth,,34739053,BLIND,10270371,,complete,uvsssn,,computer,Desktop or Laptop,Chromium OS 14541.0.0,Chrome 116.0.0.0,1366x768,1366x768,,,0,Task (Counterbalance A),1,A_1PatAnx_2AlexNorm,BA,chat2,1,chat2,Screen 1,xvlh72,2,continue,,723869.308,723869.308,723869.308,723869.308,723869.308,723869.308,1,723869.308,0,0,,Click To Continue,Completed button,2,object-74,chat2,
4,1706888214165,02/02/2024 15:36:54,1706859414165,-8,01/02/2024 23:36:54,163181,2,task-vjth,,34739053,BLIND,10270371,,complete,uvsssn,,computer,Desktop or Laptop,Chromium OS 14541.0.0,Chrome 116.0.0.0,1366x768,1366x768,,,0,Task (Counterbalance A),1,A_1PatAnx_2AlexNorm,BA,chat2,1,completionCode2,Screen 1,vdaeaw,1,response,8541,10883.615999999922,13600.374000000069,13600.374000000069,10883.615999999922,13600.374000000069,13600.374000000069,1,10883.615999999922,2716.758000000147,0,,Single Text Entry,Single Text Entry,1,object-84,completionCode2,
5,1706888214172,02/02/2024 15:36:54,1706859414172,-8,01/02/2024 23:36:54,163181,2,task-vjth,,34739053,BLIND,10270371,,complete,uvsssn,,computer,Desktop or Laptop,Chromium OS 14541.0.0,Chrome 116.0.0.0,1366x768,1366x768,,,0,Task (Counterbalance A),1,A_1PatAnx_2AlexNorm,BA,chat2,,,,,,5,END,,,,,,,0,,,,,,,,,,
1,1707445493434,09/02/2024 02:24:53,1707427493434,-5,08/02/2024 16:24:53,163181,2,task-vjth,,34952404,BLIND,10333863,,complete,kbmvnb,,computer,Desktop or Laptop,Windows 10,Chrome 121.0.0.0,1536x864,2048x926,,,0,Task (Counterbalance A),1,A_1PatAnx_2AlexNorm,BA,chat2,,,,,,5,BEGIN,,,,,,,0,,,,,,,,,,
2,1707445494872,09/02/2024 02:24:54,1707427494872,-5,08/02/2024 16:24:54,163181,2,task-vjth,,34952404,BLIND,10333863,,complete,kbmvnb,,computer,Desktop or Laptop,Windows 10,Chrome 121.0.0.0,1536x864,2048x926,,,0,Task (Counterbalance A),1,A_1PatAnx_2AlexNorm,BA,chat2,1,chat2,Screen 2,o6hbif,1,continue,,1437.5,1437.5,1437.5,1437.5,1437.5,1437.5,1,1437.5,0,0,,Click To Continue,Continue Button,2,object-67,chat2,
3,1707446292830,09/02/2024 02:38:12,1707428292830,-5,08/02/2024 16:38:12,163181,2,task-vjth,,34952404,BLIND,10333863,,complete,kbmvnb,,computer,Desktop or Laptop,Windows 10,Chrome 121.0.0.0,1536x864,2048x926,,,0,Task (Counterbalance A),1,A_1PatAnx_2AlexNorm,BA,chat2,1,chat2,Screen 1,xvlh72,2,timedOut,,797963.3000000002,797960.6,797963.3000000002,797963.3000000002,797960.6,797963.3000000002,1,797963.3000000002,0,0,,Time Limit,screen,0,screen,chat2,
4,1707446295968,09/02/2024 02:38:15,1707428295968,-5,08/02/2024 16:38:15,163181,2,task-vjth,,34952404,BLIND,10333863,,complete,kbmvnb,,computer,Desktop or Laptop,Windows 10,Chrome 121.0.0.0,1536x864,2048x926,,,0,Task (Counterbalance A),1,A_1PatAnx_2AlexNorm,BA,chat2,1,completionCode2,Screen 1,vdaeaw,1,response,5445,3076.6999999999534,3139.100000000093,3139.100000000093,3076.6999999999534,3139.100000000093,3139.100000000093,1,3076.6999999999534,62.4000000001397,0,,Single Text Entry,Single Text Entry,1,object-84,completionCode2,
5,1707446295968,09/02/2024 02:38:15,1707428295968,-5,08/02/2024 16:38:15,163181,2,task-vjth,,34952404,BLIND,10333863,,complete,kbmvnb,,computer,Desktop or Laptop,Windows 10,Chrome 121.0.0.0,1536x864,2048x926,,,0,Task (Counterbalance A),1,A_1PatAnx_2AlexNorm,BA,chat2,,,,,,5,END,,,,,,,0,,,,,,,,,,
1,1707691707047,11/02/2024 22:48:27,1707662907047,-8,11/02/2024 06:48:27,163181,2,task-vjth,,35018784,BLIND,10351970,,complete,zmeghz,,computer,Desktop or Laptop,Chromium OS 14816.131.0,Chrome 103.0.0.0,1187x667,1188x516,,,0,Task (Counterbalance A),1,A_1PatAnx_2AlexNorm,BA,chat2,,,,,,5,BEGIN,,,,,,,0,,,,,,,,,,
2,1707691709536,11/02/2024 22:48:29,1707662909536,-8,11/02/2024 06:48:29,163181,2,task-vjth,,35018784,BLIND,10351970,,complete,zmeghz,,computer,Desktop or Laptop,Chromium OS 14816.131.0,Chrome 103.0.0.0,1187x667,1188x516,,,0,Task (Counterbalance A),1,A_1PatAnx_2AlexNorm,BA,chat2,1,chat2,Screen 2,o6hbif,1,continue,,2500.110999999917,2500.110999999917,2500.110999999917,2500.110999999917,2500.110999999917,2500.110999999917,1,2500.110999999917,0,0,,Click To Continue,Continue Button,2,object-67,chat2,
3,1707692576018,11/02/2024 23:02:56,1707663776018,-8,11/02/2024 07:02:56,163181,2,task-vjth,,35018784,BLIND,10351970,,complete,zmeghz,,computer,Desktop or Laptop,Chromium OS 14816.131.0,Chrome 103.0.0.0,1187x667,1484x645,,,0,Task (Counterbalance A),1,A_1PatAnx_2AlexNorm,BA,chat2,1,chat2,Screen 1,xvlh72,2,timedOut,,866498.1149999881,866482.7480000001,866498.1149999881,866498.1149999881,866482.7480000001,866498.1149999881,1,866498.1149999881,0,0,,Time Limit,screen,0,screen,chat2,
4,1707692583563,11/02/2024 23:03:03,1707663783563,-8,11/02/2024 07:03:03,163181,2,task-vjth,,35018784,BLIND,10351970,,complete,zmeghz,,computer,Desktop or Laptop,Chromium OS 14816.131.0,Chrome 103.0.0.0,1187x667,1484x645,,,0,Task (Counterbalance A),1,A_1PatAnx_2AlexNorm,BA,chat2,1,completionCode2,Screen 1,vdaeaw,1,response,7222,3166.753999999957,7550.2339999999385,7550.2339999999385,3166.753999999957,7550.2339999999385,7550.2339999999385,1,3166.753999999957,4383.479999999981,0,,Single Text Entry,Single Text Entry,1,object-84,completionCode2,
5,1707692583569,11/02/2024 23:03:03,1707663783569,-8,11/02/2024 07:03:03,163181,2,task-vjth,,35018784,BLIND,10351970,,complete,zmeghz,,computer,Desktop or Laptop,Chromium OS 14816.131.0,Chrome 103.0.0.0,1187x667,1484x645,,,0,Task (Counterbalance A),1,A_1PatAnx_2AlexNorm,BA,chat2,,,,,,5,END,,,,,,,0,,,,,,,,,,
1,1706886393161,02/02/2024 15:06:33,1706868393161,-5,02/02/2024 05:06:33,163181,2,task-vjth,,34737155,BLIND,10270100,,complete,mljpfy,,computer,Desktop or Laptop,Windows 10,Firefox 122.0,1600x900,1600x789,,,0,Task (Counterbalance A),1,A_1PatAnx_2AlexNorm,AB,chat2,,,,,,5,BEGIN,,,,,,,0,,,,,,,,,,
2,1706886395547,02/02/2024 15:06:35,1706868395547,-5,02/02/2024 05:06:35,163181,2,task-vjth,,34737155,BLIND,10270100,,complete,mljpfy,,computer,Desktop or Laptop,Windows 10,Firefox 122.0,1600x900,1600x789,,,0,Task (Counterbalance A),1,A_1PatAnx_2AlexNorm,AB,chat2,1,chat2,Screen 2,o6hbif,1,continue,,744034.62,744034.62,744034.62,744034.62,744034.62,744034.62,1,744034.62,0,0,,Click To Continue,Continue Button,2,object-67,chat2,
3,1706887103696,02/02/2024 15:18:23,1706869103696,-5,02/02/2024 05:18:23,163181,2,task-vjth,,34737155,BLIND,10270100,,complete,mljpfy,,computer,Desktop or Laptop,Windows 10,Firefox 122.0,1600x900,1600x789,,,0,Task (Counterbalance A),1,A_1PatAnx_2AlexNorm,AB,chat2,1,chat2,Screen 1,xvlh72,2,continue,,708150.7999999999,708150.7999999999,708150.7999999999,708150.7999999999,708150.7999999999,708150.7999999999,1,708150.7999999999,0,0,,Click To Continue,Completed button,2,object-74,chat2,
4,1706887110860,02/02/2024 15:18:30,1706869110860,-5,02/02/2024 05:18:30,163181,2,task-vjth,,34737155,BLIND,10270100,,complete,mljpfy,,computer,Desktop or Laptop,Windows 10,Firefox 122.0,1600x900,1600x789,,,0,Task (Counterbalance A),1,A_1PatAnx_2AlexNorm,AB,chat2,1,completionCode2,Screen 1,vdaeaw,1,response,7740,5216.680000000168,7166.700000000186,7166.700000000186,5216.680000000168,7166.700000000186,7166.700000000186,1,5216.680000000168,1950.0200000000186,0,,Single Text Entry,Single Text Entry,1,object-84,completionCode2,
5,1706887110861,02/02/2024 15:18:30,1706869110861,-5,02/02/2024 05:18:30,163181,2,task-vjth,,34737155,BLIND,10270100,,complete,mljpfy,,computer,Desktop or Laptop,Windows 10,Firefox 122.0,1600x900,1600x789,,,0,Task (Counterbalance A),1,A_1PatAnx_2AlexNorm,AB,chat2,,,,,,5,END,,,,,,,0,,,,,,,,,,
1,1706887056984,02/02/2024 15:17:36,1706858256984,-8,01/02/2024 23:17:36,163181,2,task-vjth,,34738276,BLIND,10270275,,complete,koewbl,,computer,Desktop or Laptop,Windows 10,Firefox 122.0,2880x1620,1455x1184,,,0,Task (Counterbalance A),1,A_1PatAnx_2AlexNorm,AB,chat2,,,,,,5,BEGIN,,,,,,,0,,,,,,,,,,
2,1706887060127,02/02/2024 15:17:40,1706858260127,-8,01/02/2024 23:17:40,163181,2,task-vjth,,34738276,BLIND,10270275,,complete,koewbl,,computer,Desktop or Laptop,Windows 10,Firefox 122.0,2880x1620,1455x1184,,,0,Task (Counterbalance A),1,A_1PatAnx_2AlexNorm,AB,chat2,1,chat2,Screen 2,o6hbif,1,continue,,778624.68,778624.68,778624.68,778624.68,778624.68,778624.68,1,778624.68,0,0,,Click To Continue,Continue Button,2,object-67,chat2,
3,1706887683060,02/02/2024 15:28:03,1706858883060,-8,01/02/2024 23:28:03,163181,2,task-vjth,,34738276,BLIND,10270275,,complete,koewbl,,computer,Desktop or Laptop,Windows 10,Firefox 122.0,2880x1620,1455x1184,,,0,Task (Counterbalance A),1,A_1PatAnx_2AlexNorm,AB,chat2,1,chat2,Screen 1,xvlh72,2,continue,,622926.9999999999,622926.9999999999,622926.9999999999,622926.9999999999,622926.9999999999,622926.9999999999,1,622926.9999999999,0,0,,Click To Continue,iFrame_oneReach,1,object-73,chat2,
4,1706887694520,02/02/2024 15:28:14,1706858894520,-8,01/02/2024 23:28:14,163181,2,task-vjth,,34738276,BLIND,10270275,,complete,koewbl,,computer,Desktop or Laptop,Windows 10,Firefox 122.0,2880x1620,1455x1184,,,0,Task (Counterbalance A),1,A_1PatAnx_2AlexNorm,AB,chat2,1,completionCode2,Screen 1,vdaeaw,1,response,9401,11399.90000000014,11466.560000000056,11466.560000000056,11399.90000000014,11466.560000000056,11466.560000000056,1,11399.90000000014,66.65999999991618,0,,Single Text Entry,Single Text Entry,1,object-84,completionCode2,
5,1706887694522,02/02/2024 15:28:14,1706858894522,-8,01/02/2024 23:28:14,163181,2,task-vjth,,34738276,BLIND,10270275,,complete,koewbl,,computer,Desktop or Laptop,Windows 10,Firefox 122.0,2880x1620,1455x1184,,,0,Task (Counterbalance A),1,A_1PatAnx_2AlexNorm,AB,chat2,,,,,,5,END,,,,,,,0,,,,,,,,,,
1,1707140515797,05/02/2024 13:41:55,1707122515797,-5,05/02/2024 03:41:55,163181,2,task-vjth,,34809347,BLIND,10288907,,complete,ubudlr,,computer,Desktop or Laptop,Mac OS 10.15.7,Chrome 121.0.0.0,1920x1080,1920x993,,,0,Task (Counterbalance A),1,A_1PatAnx_2AlexNorm,BA,chat2,,,,,,5,BEGIN,,,,,,,0,,,,,,,,,,
2,1707140518494,05/02/2024 13:41:58,1707122518494,-5,05/02/2024 03:41:58,163181,2,task-vjth,,34809347,BLIND,10288907,,complete,ubudlr,,computer,Desktop or Laptop,Mac OS 10.15.7,Chrome 121.0.0.0,1920x1080,1920x993,,,0,Task (Counterbalance A),1,A_1PatAnx_2AlexNorm,BA,chat2,1,chat2,Screen 2,o6hbif,1,continue,,779672.7,779672.7,779672.7,779672.7,779672.7,779672.7,1,779672.7,0,0,,Click To Continue,Continue Button,2,object-67,chat2,
3,1707140590238,05/02/2024 13:43:10,1707122590238,-5,05/02/2024 03:43:10,163181,2,task-vjth,,34809347,BLIND,10288907,,complete,ubudlr,,computer,Desktop or Laptop,Mac OS 10.15.7,Chrome 121.0.0.0,1920x1080,1920x993,,,0,Task (Counterbalance A),1,A_1PatAnx_2AlexNorm,BA,chat2,,,,,,5,BEGIN,,,,,,,0,,,,,,,,,,
4,1707141059207,05/02/2024 13:50:59,1707123059207,-5,05/02/2024 03:50:59,163181,2,task-vjth,,34809347,BLIND,10288907,,complete,ubudlr,,computer,Desktop or Laptop,Mac OS 10.15.7,Chrome 121.0.0.0,1920x1080,1920x993,,,0,Task (Counterbalance A),1,A_1PatAnx_2AlexNorm,BA,chat2,,,,,,5,BEGIN,,,,,,,0,,,,,,,,,,
5,1707141083461,05/02/2024 13:51:23,1707123083461,-5,05/02/2024 03:51:23,163181,2,task-vjth,,34809347,BLIND,10288907,,complete,ubudlr,,computer,Desktop or Laptop,Mac OS 10.15.7,Chrome 121.0.0.0,1920x1080,1920x993,,,0,Task (Counterbalance A),1,A_1PatAnx_2AlexNorm,BA,chat2,,,,,,5,BEGIN,,,,,,,0,,,,,,,,,,
6,1707141806410,05/02/2024 14:03:26,1707123806410,-5,05/02/2024 04:03:26,163181,2,task-vjth,,34809347,BLIND,10288907,,complete,ubudlr,,computer,Desktop or Laptop,Mac OS 10.15.7,Chrome 121.0.0.0,1920x1080,1920x993,,,0,Task (Counterbalance A),1,A_1PatAnx_2AlexNorm,BA,chat2,1,chat2,Screen 1,xvlh72,1,continue,,722945.6000000001,722929.8,722945.6000000001,722945.6000000001,722929.8,722945.6000000001,1,722945.6000000001,0,0,,Click To Continue,Completed button,2,object-74,chat2,
7,1707141817274,05/02/2024 14:03:37,1707123817274,-5,05/02/2024 04:03:37,163181,2,task-vjth,,34809347,BLIND,10288907,,complete,ubudlr,,computer,Desktop or Laptop,Mac OS 10.15.7,Chrome 121.0.0.0,1920x1080,1920x993,,,0,Task (Counterbalance A),1,A_1PatAnx_2AlexNorm,BA,chat2,1,completionCode2,Screen 1,vdaeaw,1,response,3929,3455,10878.599999999977,10881.800000023795,3455,10878.599999999977,10881.800000023795,1,3455,7426.800000023795,0,,Single Text Entry,Single Text Entry,1,object-84,completionCode2,
8,1707141817277,05/02/2024 14:03:37,1707123817277,-5,05/02/2024 04:03:37,163181,2,task-vjth,,34809347,BLIND,10288907,,complete,ubudlr,,computer,Desktop or Laptop,Mac OS 10.15.7,Chrome 121.0.0.0,1920x1080,1920x993,,,0,Task (Counterbalance A),1,A_1PatAnx_2AlexNorm,BA,chat2,,,,,,5,END,,,,,,,0,,,,,,,,,,
1,1707146962784,05/02/2024 15:29:22,1707128962784,-5,05/02/2024 05:29:22,163181,2,task-vjth,,34814480,BLIND,10290591,,complete,ajpowt,,computer,Desktop or Laptop,Windows 10,Chrome 121.0.0.0,1536x864,1536x730,,,0,Task (Counterbalance A),1,A_1PatAnx_2AlexNorm,AB,chat2,,,,,,5,BEGIN,,,,,,,0,,,,,,,,,,
2,1707146965404,05/02/2024 15:29:25,1707128965404,-5,05/02/2024 05:29:25,163181,2,task-vjth,,34814480,BLIND,10290591,,complete,ajpowt,,computer,Desktop or Laptop,Windows 10,Chrome 121.0.0.0,1536x864,1536x730,,,0,Task (Counterbalance A),1,A_1PatAnx_2AlexNorm,AB,chat2,1,chat2,Screen 2,o6hbif,1,continue,,757913.4,757913.4,757913.4,757913.4,757913.4,757913.4,1,757913.4,0,0,,Click To Continue,Continue Button,2,object-67,chat2,
3,1707147687430,05/02/2024 15:41:27,1707129687430,-5,05/02/2024 05:41:27,163181,2,task-vjth,,34814480,BLIND,10290591,,complete,ajpowt,,computer,Desktop or Laptop,Windows 10,Chrome 121.0.0.0,1536x864,1536x730,,,0,Task (Counterbalance A),1,A_1PatAnx_2AlexNorm,AB,chat2,1,chat2,Screen 1,xvlh72,2,continue,,722023.7999999999,722023.7999999999,722023.7999999999,722023.7999999999,722023.7999999999,722023.7999999999,1,722023.7999999999,0,0,,Click To Continue,Completed button,2,object-74,chat2,
4,1707147701307,05/02/2024 15:41:41,1707129701307,-5,05/02/2024 05:41:41,163181,2,task-vjth,,34814480,BLIND,10290591,,complete,ajpowt,,computer,Desktop or Laptop,Windows 10,Chrome 121.0.0.0,1536x864,1536x730,,,0,Task (Counterbalance A),1,A_1PatAnx_2AlexNorm,AB,chat2,1,completionCode2,Screen 1,vdaeaw,1,response,1071,11381.90000000014,13881.600000000093,13881.600000000093,11381.90000000014,13881.600000000093,13881.600000000093,1,11381.90000000014,2499.6999999999534,0,,Single Text Entry,Single Text Entry,1,object-84,completionCode2,
5,1707147701308,05/02/2024 15:41:41,1707129701308,-5,05/02/2024 05:41:41,163181,2,task-vjth,,34814480,BLIND,10290591,,complete,ajpowt,,computer,Desktop or Laptop,Windows 10,Chrome 121.0.0.0,1536x864,1536x730,,,0,Task (Counterbalance A),1,A_1PatAnx_2AlexNorm,AB,chat2,,,,,,5,END,,,,,,,0,,,,,,,,,,
1,1707173717335,05/02/2024 22:55:17,1707155717335,-5,05/02/2024 12:55:17,163181,2,task-vjth,,34828668,BLIND,10295692,,complete,nzsaqt,,computer,Desktop or Laptop,Windows 10,Firefox 121.0,1600x900,1600x775,,,0,Task (Counterbalance A),1,A_1PatAnx_2AlexNorm,BA,chat2,,,,,,5,BEGIN,,,,,,,0,,,,,,,,,,
2,1707173719496,05/02/2024 22:55:19,1707155719496,-5,05/02/2024 12:55:19,163181,2,task-vjth,,34828668,BLIND,10295692,,complete,nzsaqt,,computer,Desktop or Laptop,Windows 10,Firefox 121.0,1600x900,1600x775,,,0,Task (Counterbalance A),1,A_1PatAnx_2AlexNorm,BA,chat2,1,chat2,Screen 2,o6hbif,1,continue,,2166.6600000000326,2166.6600000000326,2166.6600000000326,2166.6600000000326,2166.6600000000326,2166.6600000000326,1,2166.6600000000326,0,0,,Click To Continue,Continue Button,2,object-67,chat2,
3,1707173781597,05/02/2024 22:56:21,1707155781597,-5,05/02/2024 12:56:21,163181,2,task-vjth,,34828668,BLIND,10295692,,complete,nzsaqt,,computer,Desktop or Laptop,Windows 10,Firefox 121.0,1600x900,1600x775,,,0,Task (Counterbalance A),1,A_1PatAnx_2AlexNorm,BA,chat2,,,,,,5,BEGIN,,,,,,,0,,,,,,,,,,
4,1707173962994,05/02/2024 22:59:22,1707155962994,-5,05/02/2024 12:59:22,163181,2,task-vjth,,34828668,BLIND,10295692,,complete,nzsaqt,,computer,Desktop or Laptop,Windows 10,Firefox 121.0,1600x900,1600x775,,,0,Task (Counterbalance A),1,A_1PatAnx_2AlexNorm,BA,chat2,,,,,,5,BEGIN,,,,,,,0,,,,,,,,,,
5,1707174684506,05/02/2024 23:11:24,1707156684506,-5,05/02/2024 13:11:24,163181,2,task-vjth,,34828668,BLIND,10295692,,complete,nzsaqt,,computer,Desktop or Laptop,Windows 10,Firefox 121.0,1600x900,1600x775,,,0,Task (Counterbalance A),1,A_1PatAnx_2AlexNorm,BA,chat2,1,chat2,Screen 1,xvlh72,1,continue,,721514.74,721511.24,721514.74,721514.74,721511.24,721514.74,1,721514.74,0,0,,Click To Continue,Completed button,2,object-74,chat2,
6,1707174691041,05/02/2024 23:11:31,1707156691041,-5,05/02/2024 13:11:31,163181,2,task-vjth,,34828668,BLIND,10295692,,complete,nzsaqt,,computer,Desktop or Laptop,Windows 10,Firefox 121.0,1600x900,1600x775,,,0,Task (Counterbalance A),1,A_1PatAnx_2AlexNorm,BA,chat2,1,completionCode2,Screen 1,vdaeaw,1,response,5619,3466.640000000014,6533.280000000028,6538.5,3466.640000000014,6533.280000000028,6538.5,1,3466.640000000014,3071.859999999986,0,,Single Text Entry,Single Text Entry,1,object-84,completionCode2,
7,1707174691042,05/02/2024 23:11:31,1707156691042,-5,05/02/2024 13:11:31,163181,2,task-vjth,,34828668,BLIND,10295692,,complete,nzsaqt,,computer,Desktop or Laptop,Windows 10,Firefox 121.0,1600x900,1600x775,,,0,Task (Counterbalance A),1,A_1PatAnx_2AlexNorm,BA,chat2,,,,,,5,END,,,,,,,0,,,,,,,,,,
1,1707316354403,07/02/2024 14:32:34,1707298354403,-5,07/02/2024 04:32:34,163181,2,task-vjth,,34888142,BLIND,10314870,,complete,wcaytd,,computer,Desktop or Laptop,Windows 10,Chrome 120.0.0.0,1920x1080,1920x919,,,0,Task (Counterbalance A),1,A_1PatAnx_2AlexNorm,BA,chat2,,,,,,5,BEGIN,,,,,,,0,,,,,,,,,,
2,1707316357423,07/02/2024 14:32:37,1707298357423,-5,07/02/2024 04:32:37,163181,2,task-vjth,,34888142,BLIND,10314870,,complete,wcaytd,,computer,Desktop or Laptop,Windows 10,Chrome 120.0.0.0,1920x1080,1920x919,,,0,Task (Counterbalance A),1,A_1PatAnx_2AlexNorm,BA,chat2,1,chat2,Screen 2,o6hbif,1,continue,,793240,793240,793240,793240,793240,793240,1,793240,0,0,,Click To Continue,Continue Button,2,object-67,chat2,
3,1707317112567,07/02/2024 14:45:12,1707299112567,-5,07/02/2024 04:45:12,163181,2,task-vjth,,34888142,BLIND,10314870,,complete,wcaytd,,computer,Desktop or Laptop,Windows 10,Chrome 120.0.0.0,1920x1080,1920x919,,,0,Task (Counterbalance A),1,A_1PatAnx_2AlexNorm,BA,chat2,1,chat2,Screen 1,xvlh72,2,continue,,755134,755134,755134,755134,755134,755134,1,755134,0,0,,Click To Continue,Completed button,2,object-74,chat2,
4,1707317121283,07/02/2024 14:45:21,1707299121283,-5,07/02/2024 04:45:21,163181,2,task-vjth,,34888142,BLIND,10314870,,complete,wcaytd,,computer,Desktop or Laptop,Windows 10,Chrome 120.0.0.0,1920x1080,1920x919,,,0,Task (Counterbalance A),1,A_1PatAnx_2AlexNorm,BA,chat2,1,completionCode2,Screen 1,vdaeaw,1,response,4247,5455.399999999907,8725.300000000047,8725.300000000047,5455.399999999907,8725.300000000047,8725.300000000047,1,5455.399999999907,3269.9000000001397,0,,Single Text Entry,Single Text Entry,1,object-84,completionCode2,
5,1707317121284,07/02/2024 14:45:21,1707299121284,-5,07/02/2024 04:45:21,163181,2,task-vjth,,34888142,BLIND,10314870,,complete,wcaytd,,computer,Desktop or Laptop,Windows 10,Chrome 120.0.0.0,1920x1080,1920x919,,,0,Task (Counterbalance A),1,A_1PatAnx_2AlexNorm,BA,chat2,,,,,,5,END,,,,,,,0,,,,,,,,,,
1,1707757533731,12/02/2024 17:05:33,1707775533731,5.5,13/02/2024 03:35:33,163181,2,task-vjth,,35055957,BLIND,10360718,,complete,pomrgi,,computer,Desktop or Laptop,Windows 10,Chrome 121.0.0.0,1544x739,1536x735,,,0,Task (Counterbalance A),1,A_1PatAnx_2AlexNorm,BA,chat2,,,,,,5,BEGIN,,,,,,,0,,,,,,,,,,
2,1707757536690,12/02/2024 17:05:36,1707775536690,5.5,13/02/2024 03:35:36,163181,2,task-vjth,,35055957,BLIND,10360718,,complete,pomrgi,,computer,Desktop or Laptop,Windows 10,Chrome 121.0.0.0,1544x739,1536x735,,,0,Task (Counterbalance A),1,A_1PatAnx_2AlexNorm,BA,chat2,1,chat2,Screen 2,o6hbif,1,continue,,2959,2959,2959,2959,2959,2959,1,2959,0,0,,Click To Continue,Continue Button,2,object-67,chat2,
3,1707758277307,12/02/2024 17:17:57,1707776277307,5.5,13/02/2024 03:47:57,163181,2,task-vjth,,35055957,BLIND,10360718,,complete,pomrgi,,computer,Desktop or Laptop,Windows 10,Chrome 121.0.0.0,1544x739,1536x735,,,0,Task (Counterbalance A),1,A_1PatAnx_2AlexNorm,BA,chat2,1,chat2,Screen 1,xvlh72,2,continue,,740617,740617,740617,740617,740617,740617,1,740617,0,0,,Click To Continue,Completed button,2,object-74,chat2,
4,1707758288269,12/02/2024 17:18:08,1707776288269,5.5,13/02/2024 03:48:08,163181,2,task-vjth,,35055957,BLIND,10360718,,complete,pomrgi,,computer,Desktop or Laptop,Windows 10,Chrome 121.0.0.0,1544x739,1536x735,,,0,Task (Counterbalance A),1,A_1PatAnx_2AlexNorm,BA,chat2,1,completionCode2,Screen 1,vdaeaw,1,response,8284,6562,10958,10958,6562,10958,10958,1,6562,4396,0,,Single Text Entry,Single Text Entry,1,object-84,completionCode2,
5,1707758288273,12/02/2024 17:18:08,1707776288273,5.5,13/02/2024 03:48:08,163181,2,task-vjth,,35055957,BLIND,10360718,,complete,pomrgi,,computer,Desktop or Laptop,Windows 10,Chrome 121.0.0.0,1544x739,1536x735,,,0,Task (Counterbalance A),1,A_1PatAnx_2AlexNorm,BA,chat2,,,,,,5,END,,,,,,,0,,,,,,,,,,
1,1706883825764,02/02/2024 14:23:45,1706858625764,-7,02/02/2024 00:23:45,163181,2,task-vjth,,34734073,BLIND,10269258,,complete,fzlshn,,computer,Desktop or Laptop,Windows 10,Chrome 121.0.0.0,1920x1080,1920x945,,,0,Task (Counterbalance A),1,A_1PatAnx_2AlexNorm,AB,chat2,,,,,,5,BEGIN,,,,,,,0,,,,,,,,,,
2,1706883828297,02/02/2024 14:23:48,1706858628297,-7,02/02/2024 00:23:48,163181,2,task-vjth,,34734073,BLIND,10269258,,complete,fzlshn,,computer,Desktop or Laptop,Windows 10,Chrome 121.0.0.0,1920x1080,1920x945,,,0,Task (Counterbalance A),1,A_1PatAnx_2AlexNorm,AB,chat2,1,chat2,Screen 2,o6hbif,1,continue,,787343.1,787343.1,787343.1,787343.1,787343.1,787343.1,1,787343.1,0,0,,Click To Continue,Continue Button,2,object-67,chat2,
3,1706884556599,02/02/2024 14:35:56,1706859356599,-7,02/02/2024 00:35:56,163181,2,task-vjth,,34734073,BLIND,10269258,,complete,fzlshn,,computer,Desktop or Laptop,Windows 10,Chrome 121.0.0.0,1920x1080,1920x945,,,0,Task (Counterbalance A),1,A_1PatAnx_2AlexNorm,AB,chat2,1,chat2,Screen 1,xvlh72,2,continue,,728295.0000000001,728295.0000000001,728295.0000000001,728295.0000000001,728295.0000000001,728295.0000000001,1,728295.0000000001,0,0,,Click To Continue,Completed button,2,object-74,chat2,
4,1706884592445,02/02/2024 14:36:32,1706859392445,-7,02/02/2024 00:36:32,163181,2,task-vjth,,34734073,BLIND,10269258,,complete,fzlshn,,computer,Desktop or Laptop,Windows 10,Chrome 121.0.0.0,1920x1080,1920x945,,,0,Task (Counterbalance A),1,A_1PatAnx_2AlexNorm,AB,chat2,1,completionCode2,Screen 1,vdaeaw,1,response,4337,25649.699999999953,35849.299999999814,35849.299999999814,25649.699999999953,35849.299999999814,35849.299999999814,1,25649.699999999953,10199.59999999986,0,,Single Text Entry,Single Text Entry,1,object-84,completionCode2,
5,1706884592446,02/02/2024 14:36:32,1706859392446,-7,02/02/2024 00:36:32,163181,2,task-vjth,,34734073,BLIND,10269258,,complete,fzlshn,,computer,Desktop or Laptop,Windows 10,Chrome 121.0.0.0,1920x1080,1920x945,,,0,Task (Counterbalance A),1,A_1PatAnx_2AlexNorm,AB,chat2,,,,,,5,END,,,,,,,0,,,,,,,,,,
1,1706884192803,02/02/2024 14:29:52,1706866192803,-5,02/02/2024 04:29:52,163181,2,task-vjth,,34734524,BLIND,10269314,,complete,vzmqco,,computer,Desktop or Laptop,Windows 10,Chrome 121.0.0.0,1366x768,1366x607,,,0,Task (Counterbalance A),1,A_1PatAnx_2AlexNorm,BA,chat2,,,,,,5,BEGIN,,,,,,,0,,,,,,,,,,
2,1706884197320,02/02/2024 14:29:57,1706866197320,-5,02/02/2024 04:29:57,163181,2,task-vjth,,34734524,BLIND,10269314,,complete,vzmqco,,computer,Desktop or Laptop,Windows 10,Chrome 121.0.0.0,1366x768,1366x607,,,0,Task (Counterbalance A),1,A_1PatAnx_2AlexNorm,BA,chat2,1,chat2,Screen 2,o6hbif,1,continue,,960919.1,960919.1,960919.1,960919.1,960919.1,960919.1,1,960919.1,0,0,,Click To Continue,Continue Button,2,object-67,chat2,
3,1706885097307,02/02/2024 14:44:57,1706867097307,-5,02/02/2024 04:44:57,163181,2,task-vjth,,34734524,BLIND,10269314,,complete,vzmqco,,computer,Desktop or Laptop,Windows 10,Chrome 121.0.0.0,1366x768,1366x607,,,0,Task (Counterbalance A),1,A_1PatAnx_2AlexNorm,BA,chat2,1,chat2,Screen 1,xvlh72,2,timedOut,,900005.3000000954,900001.1,900005.3000000954,900005.3000000954,900001.1,900005.3000000954,1,900005.3000000954,0,0,,Time Limit,screen,0,screen,chat2,
4,1706885109905,02/02/2024 14:45:09,1706867109905,-5,02/02/2024 04:45:09,163181,2,task-vjth,,34734524,BLIND,10269314,,complete,vzmqco,,computer,Desktop or Laptop,Windows 10,Chrome 121.0.0.0,1366x768,1366x607,,,0,Task (Counterbalance A),1,A_1PatAnx_2AlexNorm,BA,chat2,1,completionCode2,Screen 1,vdaeaw,1,response,8014,83.30000000004657,12587.699999999953,12587.699999999953,83.30000000004657,12587.699999999953,12587.699999999953,1,83.30000000004657,12504.399999999907,0,,Single Text Entry,Single Text Entry,1,object-84,completionCode2,
5,1706885109908,02/02/2024 14:45:09,1706867109908,-5,02/02/2024 04:45:09,163181,2,task-vjth,,34734524,BLIND,10269314,,complete,vzmqco,,computer,Desktop or Laptop,Windows 10,Chrome 121.0.0.0,1366x768,1366x607,,,0,Task (Counterbalance A),1,A_1PatAnx_2AlexNorm,BA,chat2,,,,,,5,END,,,,,,,0,,,,,,,,,,
1,1706884277880,02/02/2024 14:31:17,1706866277880,-5,02/02/2024 04:31:17,163181,2,task-vjth,,34734624,BLIND,10269434,,complete,ovmrat,,computer,Desktop or Laptop,Windows 10,Chrome 121.0.0.0,1920x1080,1920x919,,,0,Task (Counterbalance A),1,A_1PatAnx_2AlexNorm,AB,chat2,,,,,,5,BEGIN,,,,,,,0,,,,,,,,,,
2,1706884279872,02/02/2024 14:31:19,1706866279872,-5,02/02/2024 04:31:19,163181,2,task-vjth,,34734624,BLIND,10269434,,complete,ovmrat,,computer,Desktop or Laptop,Windows 10,Chrome 121.0.0.0,1920x1080,1920x919,,,0,Task (Counterbalance A),1,A_1PatAnx_2AlexNorm,AB,chat2,1,chat2,Screen 2,o6hbif,1,continue,,1987.3999999999069,1987.3999999999069,1987.3999999999069,1987.3999999999069,1987.3999999999069,1987.3999999999069,1,1987.3999999999069,0,0,,Click To Continue,Continue Button,2,object-67,chat2,
3,1706885069143,02/02/2024 14:44:29,1706867069143,-5,02/02/2024 04:44:29,163181,2,task-vjth,,34734624,BLIND,10269434,,complete,ovmrat,,computer,Desktop or Laptop,Windows 10,Chrome 121.0.0.0,1920x1080,1920x919,,,0,Task (Counterbalance A),1,A_1PatAnx_2AlexNorm,AB,chat2,1,chat2,Screen 1,xvlh72,2,continue,,789274.1000000001,789274.1000000001,789274.1000000001,789274.1000000001,789274.1000000001,789274.1000000001,1,789274.1000000001,0,0,,Click To Continue,Completed button,2,object-74,chat2,
4,1706885073663,02/02/2024 14:44:33,1706867073663,-5,02/02/2024 04:44:33,163181,2,task-vjth,,34734624,BLIND,10269434,,complete,ovmrat,,computer,Desktop or Laptop,Windows 10,Chrome 121.0.0.0,1920x1080,1920x919,,,0,Task (Counterbalance A),1,A_1PatAnx_2AlexNorm,AB,chat2,1,completionCode2,Screen 1,vdaeaw,1,response,6625,2787.5999999998603,4521.59999999986,4521.59999999986,2787.5999999998603,4521.59999999986,4521.59999999986,1,2787.5999999998603,1734,0,,Single Text Entry,Single Text Entry,1,object-84,completionCode2,
5,1706885073664,02/02/2024 14:44:33,1706867073664,-5,02/02/2024 04:44:33,163181,2,task-vjth,,34734624,BLIND,10269434,,complete,ovmrat,,computer,Desktop or Laptop,Windows 10,Chrome 121.0.0.0,1920x1080,1920x919,,,0,Task (Counterbalance A),1,A_1PatAnx_2AlexNorm,AB,chat2,,,,,,5,END,,,,,,,0,,,,,,,,,,
1,1706884434465,02/02/2024 14:33:54,1706866434465,-5,02/02/2024 04:33:54,163181,2,task-vjth,,34734828,BLIND,10269475,,complete,jhagny,,computer,Desktop or Laptop,Windows 10,Chrome 120.0.0.0,1920x1080,1920x991,,,0,Task (Counterbalance A),1,A_1PatAnx_2AlexNorm,AB,chat2,,,,,,5,BEGIN,,,,,,,0,,,,,,,,,,
2,1706884436682,02/02/2024 14:33:56,1706866436682,-5,02/02/2024 04:33:56,163181,2,task-vjth,,34734828,BLIND,10269475,,complete,jhagny,,computer,Desktop or Laptop,Windows 10,Chrome 120.0.0.0,1920x1080,1920x991,,,0,Task (Counterbalance A),1,A_1PatAnx_2AlexNorm,AB,chat2,1,chat2,Screen 2,o6hbif,1,continue,,2214.5,2214.5,2214.5,2214.5,2214.5,2214.5,1,2214.5,0,0,,Click To Continue,Continue Button,2,object-67,chat2,
3,1706885194426,02/02/2024 14:46:34,1706867194426,-5,02/02/2024 04:46:34,163181,2,task-vjth,,34734828,BLIND,10269475,,complete,jhagny,,computer,Desktop or Laptop,Windows 10,Chrome 120.0.0.0,1920x1080,1920x991,,,0,Task (Counterbalance A),1,A_1PatAnx_2AlexNorm,AB,chat2,1,chat2,Screen 1,xvlh72,2,continue,,757743.9,757743.9,757743.9,757743.9,757743.9,757743.9,1,757743.9,0,0,,Click To Continue,Completed button,2,object-74,chat2,
4,1706885201471,02/02/2024 14:46:41,1706867201471,-5,02/02/2024 04:46:41,163181,2,task-vjth,,34734828,BLIND,10269475,,complete,jhagny,,computer,Desktop or Laptop,Windows 10,Chrome 120.0.0.0,1920x1080,1920x991,,,0,Task (Counterbalance A),1,A_1PatAnx_2AlexNorm,AB,chat2,1,completionCode2,Screen 1,vdaeaw,1,response,3453,6962.5,7042.399999999907,7042.399999999907,6962.5,7042.399999999907,7042.399999999907,1,6962.5,79.89999999990687,0,,Single Text Entry,Single Text Entry,1,object-84,completionCode2,
5,1706885201471,02/02/2024 14:46:41,1706867201471,-5,02/02/2024 04:46:41,163181,2,task-vjth,,34734828,BLIND,10269475,,complete,jhagny,,computer,Desktop or Laptop,Windows 10,Chrome 120.0.0.0,1920x1080,1920x991,,,0,Task (Counterbalance A),1,A_1PatAnx_2AlexNorm,AB,chat2,,,,,,5,END,,,,,,,0,,,,,,,,,,
1,1707326753370,07/02/2024 17:25:53,1707315953370,-3,07/02/2024 11:25:53,163181,2,task-vjth,,34894579,BLIND,10317326,,complete,hjmiit,,computer,Desktop or Laptop,Windows 10,Opera 106.0.0.0,1920x1080,1879x901,,,0,Task (Counterbalance A),1,A_1PatAnx_2AlexNorm,AB,chat2,,,,,,5,BEGIN,,,,,,,0,,,,,,,,,,
2,1707326756608,07/02/2024 17:25:56,1707315956608,-3,07/02/2024 11:25:56,163181,2,task-vjth,,34894579,BLIND,10317326,,complete,hjmiit,,computer,Desktop or Laptop,Windows 10,Opera 106.0.0.0,1920x1080,1879x901,,,0,Task (Counterbalance A),1,A_1PatAnx_2AlexNorm,AB,chat2,1,chat2,Screen 2,o6hbif,1,continue,,951469.4,951469.4,951469.4,951469.4,951469.4,951469.4,1,951469.4,0,0,,Click To Continue,Continue Button,2,object-67,chat2,
3,1707327521053,07/02/2024 17:38:41,1707316721053,-3,07/02/2024 11:38:41,163181,2,task-vjth,,34894579,BLIND,10317326,,complete,hjmiit,,computer,Desktop or Laptop,Windows 10,Opera 106.0.0.0,1920x1080,1879x901,,,0,Task (Counterbalance A),1,A_1PatAnx_2AlexNorm,AB,chat2,1,chat2,Screen 1,xvlh72,2,continue,,764442.6,764442.6,764442.6,764442.6,764442.6,764442.6,1,764442.6,0,0,,Click To Continue,Completed button,2,object-74,chat2,
4,1707327528457,07/02/2024 17:38:48,1707316728457,-3,07/02/2024 11:38:48,163181,2,task-vjth,,34894579,BLIND,10317326,,complete,hjmiit,,computer,Desktop or Laptop,Windows 10,Opera 106.0.0.0,1920x1080,1879x901,,,0,Task (Counterbalance A),1,A_1PatAnx_2AlexNorm,AB,chat2,1,completionCode2,Screen 1,vdaeaw,1,response,4219,5561.399999999907,7406.199999999953,7406.199999999953,5561.399999999907,7406.199999999953,7406.199999999953,1,5561.399999999907,1844.8000000000466,0,,Single Text Entry,Single Text Entry,1,object-84,completionCode2,
5,1707327528458,07/02/2024 17:38:48,1707316728458,-3,07/02/2024 11:38:48,163181,2,task-vjth,,34894579,BLIND,10317326,,complete,hjmiit,,computer,Desktop or Laptop,Windows 10,Opera 106.0.0.0,1920x1080,1879x901,,,0,Task (Counterbalance A),1,A_1PatAnx_2AlexNorm,AB,chat2,,,,,,5,END,,,,,,,0,,,,,,,,,,
1,1707461064680,09/02/2024 06:44:24,1707479064680,5.5,09/02/2024 17:14:24,163181,2,task-vjth,,34954075,BLIND,10334394,,complete,rsbcki,,computer,Desktop or Laptop,Windows 10,Chrome 121.0.0.0,1280x720,1280x551,,,0,Task (Counterbalance A),1,A_1PatAnx_2AlexNorm,AB,chat2,,,,,,5,BEGIN,,,,,,,0,,,,,,,,,,
2,1707461066290,09/02/2024 06:44:26,1707479066290,5.5,09/02/2024 17:14:26,163181,2,task-vjth,,34954075,BLIND,10334394,,complete,rsbcki,,computer,Desktop or Laptop,Windows 10,Chrome 121.0.0.0,1280x720,1280x551,,,0,Task (Counterbalance A),1,A_1PatAnx_2AlexNorm,AB,chat2,1,chat2,Screen 2,o6hbif,1,continue,,928652.8,928652.8,928652.8,928652.8,928652.8,928652.8,1,928652.8,0,0,,Click To Continue,Continue Button,2,object-67,chat2,
3,1707462358708,09/02/2024 07:05:58,1707480358708,5.5,09/02/2024 17:35:58,163181,2,task-vjth,,34954075,BLIND,10334394,,complete,rsbcki,,computer,Desktop or Laptop,Windows 10,Chrome 121.0.0.0,1280x720,1280x551,,,0,Task (Counterbalance A),1,A_1PatAnx_2AlexNorm,AB,chat2,1,chat2,Screen 1,xvlh72,2,timedOut,,1292426.100000006,1292420.4000000001,1292426.100000006,1292426.100000006,1292420.4000000001,1292426.100000006,1,1292426.100000006,0,0,,Time Limit,screen,0,screen,chat2,
4,1707462369264,09/02/2024 07:06:09,1707480369264,5.5,09/02/2024 17:36:09,163181,2,task-vjth,,34954075,BLIND,10334394,,complete,rsbcki,,computer,Desktop or Laptop,Windows 10,Chrome 121.0.0.0,1280x720,1280x551,,,0,Task (Counterbalance A),1,A_1PatAnx_2AlexNorm,AB,chat2,1,completionCode2,Screen 1,vdaeaw,1,response,5271,4033.399999999907,10550,10550,4033.399999999907,10550,10550,1,4033.399999999907,6516.600000000093,0,,Single Text Entry,Single Text Entry,1,object-84,completionCode2,
5,1707462369267,09/02/2024 07:06:09,1707480369267,5.5,09/02/2024 17:36:09,163181,2,task-vjth,,34954075,BLIND,10334394,,complete,rsbcki,,computer,Desktop or Laptop,Windows 10,Chrome 121.0.0.0,1280x720,1280x551,,,0,Task (Counterbalance A),1,A_1PatAnx_2AlexNorm,AB,chat2,,,,,,5,END,,,,,,,0,,,,,,,,,,
END OF FILE
