"Participant.Public.ID","Participant.Private.ID","sex","age"
"p3uaop6k",10269258,"Male","35"
"epxnctp8",10269277,"Female","34"
"sg8kxcgs",10269286,"Male","44"
"slga5onx",10269296,"Female","47"
"7gk8p750",10269305,"Female","43"
"mkh33kxq",10269314,"Female","44"
"isn37d0h",10269319,"Female","40"
"pqadatyd",10269353,"Male","47"
"77cfqkz4",10269413,"Female","50"
"ii0b79o7",10269434,"Male","37"
"7rav4buw",10269440,"Male","40"
"glbsi8le",10269445,"Female","41"
"kx76bpb1",10269450,"Male","45"
"y34a5w74",10269475,"Male","32"
"3xowrysi",10269476,"Female","41"
"j3kltwmb",10269598,"Female","39"
"9hvlz1uw",10269734,"Female","50"
"zar1ffxq",10269900,"Male","50"
"y1o880v5",10269912,"Female","47"
"gszx8vtq",10269942,"Male","40"
"2h6x7m5l",10270008,"Male","28"
"eookhlqw",10270100,"Non-Binary","38"
"qvr1j54m",10270275,"Female","21"
"00z4eueg",10270371,"Female","36"
"c9rq5b0y",10270474,"Male","46"
"0sr4702l",10270540,"Male","45"
"jdhmyaj1",10270624,"Female","50"
"dub5of15",10270847,"Male","38"
"e5icigg3",10288304,"Female","44"
"3q7gktvi",10288907,"Male","40"
"znuxblyp",10290591,"Female","41"
"ww0az2xp",10291341,"Female","46"
"5w93nzge",10295692,"Male","33"
"3zl1b5o1",10310934,"Male","23"
"4u2xhyzk",10314870,"Female","47"
"szjrz20r",10317326,"Male","20"
"xz34z3il",10318720,"Female","32"
"3a7bvlgt",10319013,"Male","37"
"yhrn4pjx",10320108,"Male","18"
"idwbggks",10331151,"Male","45"
"0c90el9w",10332599,"Female","36"
"o12sv0n2",10332661,"Female","50"
"akpkuoxm",10333863,"Female","41"
"uh6ldmy0",10333977,"Male","28"
"609s8171",10334394,"Female","21"
"06d141bx",10334514,"Male","45"
"7u34t3ez",10346871,"Female","46"
"k3prpztd",10347192,"Male","42"
"u10nch2b",10348325,"Male","21"
"snpc19wc",10351970,"Female","42"
"6189mvyw",10358415,"Male","38"
"9iz6y9bx",10360718,"Male","21"
"vqhq1v7o",10366087,"Male","36"
"91rdfwf3",10367266,"Female","40"
"0kpshnls",10371835,"Female","45"
"5sbtf6p0",9804092,"Male","36"
"aufyoxcq",9804125,"Male","45"
"ttax2g9j",9804126,"Male","33"
"4e1463jd",9804178,"Male","26"
"1dpp3scf",9804355,"Male","48"
"znse68yl",9804410,"Female","36"
"hvtxoy7i",9804421,"Male","40"
"jvichwbn",9804579,"Male","38"
"2i7k1rwj",9804926,"Male","36"
"zhitmt8x",9805587,"Female","43"
"pgktvywq",9810928,"Female","23"
"dy26o9zw",10117124,"Female","33"
"zaurr72x",10117126,"Male","36"
"zge7wvg4",10117128,"Male","26"
"yk6g1ov4",10117133,"Female","50"
"rgf8roc0",10117140,"Male","42"
"ok30b186",10117146,"Male","48"
"323tweem",10117147,"Male","37"
"yh19xw9h",10117148,"Male","43"
"lwowyaqe",10117150,"Female","38"
"xp6ywdfs",10117154,"Male","42"
"njhwf0kw",10117165,"Male","32"
"03fsrjtm",10117171,"Male","34"
"u2n22pjo",10117181,"Female","48"
"wcj9zylk",10117189,"Female","39"
"27x8i5py",10117196,"Male","37"
"wcou6bm5",10117199,"Male","39"
"961h4kop",10117204,"Male","46"
"o46n3toe",10117263,"Male","49"
"cnvmlhip",10117266,"Male","33"
"opetxfl9",10117310,"Male","49"
"vym8teyy",10117352,"Female","36"
"17xk5ztn",10117424,"Male","48"
"62h11qii",10117478,"Male","47"
"mmjbc8pd",10117696,"Male","38"
"jboukak9",10117760,"Male","34"
"5tnr0asf",10117839,"Female","32"
"3rbj54yd",10117874,"Female","39"
"cce3r9ne",10117912,"Male","47"
"q278dgwb",10117950,"Male","42"
"aoftrbzh",10118016,"Male","31"
"kuq360w1",10118208,"Male","18"
"5gi00vec",10118261,"Male","29"
"vkxyln5t",10118268,"Male","40"
"qghe7swt",10118299,"Female","39"
